No,Tháng,Năm,Khách hàng C2,Khách Hàng C1,Tỉnh,Tên hoạt động,Số lượng,Nhóm Sản phẩm,Sản Phẩm,Cây Trồng,SL Nông Dân,Đầu tư,Triển khai
1,Nov,2018,STG-042,STG001,Sóc Trăng,Demo,2.0,Fungicide,FY,Lúa,10,3184420.0000000005,SE
2,Nov,2018,STG-065,STG001,Sóc Trăng,Demo,2.0,Fungicide,FY,Lúa,10,3184420.0000000005,SE
3,Nov,2018,STG-052,STG001,Sóc Trăng,Demo,2.0,Fungicide,FY,Lúa,10,3184420.0000000005,SE
4,Nov,2018,STG-112,STG001,Sóc Trăng,Demo,2.0,Fungicide,FY,Lúa,10,3184420.0000000005,SE
5,Nov,2018,STG-080,STG001,Sóc Trăng,Demo,2.0,Fungicide,FY,Lúa,10,3184420.0000000005,SE
6,Nov,2018,STG-113,STG001,Sóc Trăng,Demo,2.0,Fungicide,FY,Lúa,10,3184420.0000000005,SE
7,Nov,2018,STG-060,STG001,Sóc Trăng,Demo,2.0,Fungicide,FY,Lúa,10,3184420.0000000005,SE
8,Nov,2018,DNI-001,STG001,Sóc Trăng,Demo,2.0,Fungicide,FY,Lúa,10,3184420.0000000005,SE
9,Nov,2018,STG-006,STG001,Sóc Trăng,Demo,2.0,Fungicide,FY,Lúa,10,3184420.0000000005,SE
10,Nov,2018,STG-030,STG001,Sóc Trăng,TM,2.0,Fungicide,FY,Lúa,40,6619300.000000001,SE
11,Nov,2018,CTO-082,STG010,Bạc Liêu,TM,1.0,Fungicide,FY,Lúa,20,3309650.0000000005,SE
12,Nov,2018,DNI-001,CMU002,Bạc Liêu,TM,2.0,Fungicide,FY,Lúa,40,6619300.000000001,SE
13,Nov,2018,STG-006,CMU002,Bạc Liêu,TM,1.0,Fungicide,FY,Lúa,20,3309650.0000000005,SE
14,Nov,2018,STG-080,STG001,Sóc Trăng,FA,10.0,Fungicide,RA,Rau màu,10,894500.0000000001,SE
15,Nov,2018,STG-060,STG001,Sóc Trăng,FA,10.0,Fungicide,RA,Rau màu,10,894500.0000000001,SE
16,Nov,2018,STG-006,STG001,Sóc Trăng,FA,10.0,Fungicide,RA,Lúa,10,894500.0000000001,SE
17,Nov,2018,STG-052,STG010,Sóc Trăng,FA,10.0,Fungicide,RA,Lúa,10,894500.0000000001,SE
18,Dec,2018,KGG-178,STG001,Sóc Trăng,FA,10.0,Fungicide,RA,Sầu Riêng,10,894500.0000000001,SE
19,Dec,2018,BTN-045,STG001,Sóc Trăng,FA,10.0,Fungicide,RA,Rau màu,10,894500.0000000001,SE
20,Dec,2018,BLU-061,STG001,Sóc Trăng,FA,10.0,Fungicide,RA,Sầu Riêng,10,894500.0000000001,SE
21,Nov,2018,AGG-183,AGG022,An Giang,Demo,1.0,Fungicide,RA,Lúa,5,1592210.0000000002,ST
22,Nov,2018,AGG-087,AGG023,An Giang,Demo,1.0,Fungicide,RA,Lúa,5,1592210.0000000002,ST
23,Nov,2018,AGG-199,AGG023,An Giang,Demo,1.0,Fungicide,RA,Lúa,5,1592210.0000000002,ST
24,Nov,2018,AGG-096,AGG028,An Giang,Demo,2.0,Fungicide,RA,Lúa,10,3184420.0000000005,ST
25,Nov,2018,AGG-272,AGG023,An Giang,Demo,1.0,Fungicide,RA,Lúa,5,1592210.0000000002,ST
26,Nov,2018,AGG-183,AGG022,An Giang,TM,1.0,Fungicide,RA,Lúa,20,3309650.0000000005,ST
27,Nov,2018,AGG-087,AGG023,An Giang,TM,1.0,Fungicide,RA,Lúa,20,3309650.0000000005,ST
28,Nov,2018,AGG-199,AGG023,An Giang,TM,1.0,Fungicide,RA,Lúa,20,3309650.0000000005,ST
29,Nov,2018,AGG-096,AGG028,An Giang,TM,1.0,Fungicide,RA,Lúa,20,3309650.0000000005,ST
30,Nov,2018,AGG-183,AGG022,An Giang,FA,6.0,Fungicide,RA,Lúa,6,536700.0,ST
31,Nov,2018,AGG-087,AGG023,An Giang,FA,6.0,Fungicide,RA,Lúa,6,536700.0,ST
32,Nov,2018,AGG-199,AGG023,An Giang,FA,6.0,Fungicide,RA,Lúa,6,536700.0,ST
33,Nov,2018,AGG-096,AGG028,An Giang,FA,6.0,Fungicide,RA,Lúa,6,536700.0,ST
34,Nov,2018,AGG-239,AGG023,An Giang,FA,6.0,Fungicide,RA,Lúa,6,536700.0,ST
35,Nov,2018,AGG-308,AGG028,An Giang,FA,4.0,Fungicide,RA,Lúa,4,357800.00000000006,ST
36,Nov,2018,AGG-125,AGG028,An Giang,FA,2.0,Fungicide,RA,Lúa,2,178900.00000000003,ST
37,Nov,2018,DTP-131,DTP006,Đồng Tháp,FA,10.0,Fungicide,RA,Lúa,10,894500.0000000001,ST
38,Nov,2018,DTP-141,DTP006,Đồng Tháp,FA,10.0,Fungicide,RA,Cây Ăn Trái,10,894500.0000000001,ST
39,Nov,2018,DTP-185,DTP015,Đồng Tháp,FA,10.0,Fungicide,RA,Rau màu,10,894500.0000000001,ST
40,Nov,2018,DTP-196,DTP015,Đồng Tháp,FA,10.0,Fungicide,RA,Rau màu,10,894500.0000000001,ST
41,Nov,2018,DTP-144,DTP015,Đồng Tháp,FA,10.0,Fungicide,RA,Lúa,10,894500.0000000001,ST
42,Nov,2018,VLG-041,VLG008,Đồng Tháp,FA,10.0,Fungicide,RA,Lúa,10,894500.0000000001,ST
43,Nov,2018,DTP-070,DTP006,Đồng Tháp,FA,10.0,Fungicide,RA,Cây Ăn Trái,10,894500.0000000001,ST
44,Nov,2018,DTP-118,DTP015,Đồng Tháp,FA,10.0,Fungicide,RA,Lúa,10,894500.0000000001,ST
45,Nov,2018,DTP-230,DTP015,Đồng Tháp,FA,10.0,Fungicide,RA,Lúa,10,894500.0000000001,ST
46,Dec,2018,DTP-030,DTP015,Đồng Tháp,FA,10.0,Fungicide,RA,Lúa,10,894500.0000000001,ST
47,Dec,2018,DTP-071,DTP015,Đồng Tháp,FA,10.0,Fungicide,RA,Cây Ăn Trái,10,894500.0000000001,ST
48,Dec,2018,DTP-048,DTP015,Đồng Tháp,FA,10.0,Fungicide,RA,Lúa,10,894500.0000000001,ST
49,Dec,2018,DTP-237,DTP015,Đồng Tháp,FA,10.0,Fungicide,RA,Lúa,10,894500.0000000001,ST
50,Dec,2018,VLG-045,VLG008,Đồng Tháp,FA,10.0,Fungicide,RA,Lúa,10,894500.0000000001,ST
51,Dec,2018,DTP-227,DTP006,Đồng Tháp,FA,10.0,Fungicide,RA,Lúa,10,894500.0000000001,ST
52,Dec,2018,DTP-051,DTP006,Đồng Tháp,FA,10.0,Fungicide,RA,Lúa,10,894500.0000000001,ST
53,Dec,2018,DTP-226,DTP015,Đồng Tháp,FA,10.0,Fungicide,RA,Lúa,10,894500.0000000001,ST
54,Dec,2018,DTP-055,DTP006,Đồng Tháp,FA,10.0,Fungicide,RA,Cây Ăn Trái,10,894500.0000000001,ST
55,Jan,2019,DTP-140,DTP006,Đồng Tháp,FA,10.0,Fungicide,RA,Rau màu,10,894500.0000000001,ST
56,Jan,2019,DTP-015,DTP015,Đồng Tháp,FA,10.0,Fungicide,RA,Rau màu,10,894500.0000000001,ST
57,Nov,2018,DTP-131,DTP006,Đồng Tháp,TM,2.0,Fungicide,RA,Lúa,40,6619300.000000001,ST
58,Nov,2018,VLG-007,VLG008,Đồng Tháp,TM,2.0,Fungicide,RA,Cây Ăn Trái,40,6619300.000000001,ST
59,Nov,2018,DTP-040,DTP015,Đồng Tháp,TM,2.0,Fungicide,RA,Rau màu,40,6619300.000000001,ST
60,Nov,2018,DTP-185,DTP015,Đồng Tháp,TM,2.0,Fungicide,RA,Rau màu,40,6619300.000000001,ST
61,Dec,2018,VLG-041,VLG008,Đồng Tháp,TM,2.0,Fungicide,RA,Lúa,40,6619300.000000001,ST
62,Dec,2018,VLG-045,VLG008,Đồng Tháp,TM,2.0,Fungicide,RA,Lúa,40,6619300.000000001,ST
63,Dec,2018,VLG-004,VLG008,Đồng Tháp,TM,2.0,Fungicide,RA,Cây Ăn Trái,40,6619300.000000001,ST
64,Nov,2018,DTP-031,DTP015,Đồng Tháp,TM,2.0,Fungicide,RA,Lúa,40,6619300.000000001,ST
65,Nov,2018,TGG-058,TGG001,Tiền Giang,Demo,1.0,Fungicide,RA,Sầu Riêng,5,1592210.0000000002,ST
66,Nov,2018,TGG-106,TGG012,Tiền Giang,Demo,1.0,Fungicide,RA,Dưa hấu,5,1592210.0000000002,ST
67,Nov,2018,TGG-028,TGG012,Tiền Giang,Demo,1.0,Fungicide,RA,Dưa hấu,5,1592210.0000000002,ST
68,Nov,2018,TGG-061,TGG012,Tiền Giang,Demo,1.0,Fungicide,RA,Dưa hấu,5,1592210.0000000002,ST
69,Nov,2018,TGG-061,TGG012,Tiền Giang,Demo,1.0,Fungicide,RA,Dưa hấu,5,1592210.0000000002,ST
70,Nov,2018,TGG-158,TGG004,Tiền Giang,Demo,1.0,Fungicide,RA,Ớt,5,1592210.0000000002,ST
71,Nov,2018,TGG-142,TGG004,Tiền Giang,Demo,1.0,Fungicide,RA,Dưa hấu,5,1592210.0000000002,ST
72,Nov,2018,TGG-126,TGG002,Tiền Giang,Demo,1.0,Fungicide,RA,Xoài,5,1592210.0000000002,ST
73,Nov,2018,TGG-126,TGG002,Tiền Giang,Demo,1.0,Fungicide,RA,Xoài,5,1592210.0000000002,ST
74,Nov,2018,TGG-140,TGG002,Tiền Giang,Demo,1.0,Fungicide,RA,Sầu Riêng,5,1592210.0000000002,ST
75,Nov,2018,TGG-140,TGG002,Tiền Giang,Demo,1.0,Fungicide,RA,Sầu Riêng,5,1592210.0000000002,ST
76,Nov,2018,TGG-110,TGG002,Tiền Giang,Demo,1.0,Fungicide,RA,Sầu Riêng,5,1592210.0000000002,ST
77,Nov,2018,TGG-058,TGG001,Tiền Giang,Demo,1.0,Fungicide,RA,Sầu Riêng,5,1592210.0000000002,ST
78,Nov,2018,TGG-154,TGG001,Tiền Giang,Demo,1.0,Fungicide,RA,Sầu Riêng,5,1592210.0000000002,ST
79,Nov,2018,TGG-154,TGG001,Tiền Giang,Demo,1.0,Fungicide,RA,Sầu Riêng,5,1592210.0000000002,ST
80,Nov,2018,TGG-140,TGG001,Tiền Giang,FA,10.0,Fungicide,RA,Sầu Riêng,10,894500.0000000001,ST
81,Nov,2018,TGG-154,TGG001,Tiền Giang,FA,10.0,Fungicide,RA,Sầu Riêng,10,894500.0000000001,ST
82,Nov,2018,TGG-173,TGG012,Tiền Giang,FA,10.0,Fungicide,RA,Rau màu,10,894500.0000000001,ST
83,Nov,2018,TGG-026,TGG012,Tiền Giang,FA,10.0,Fungicide,RA,Sầu Riêng,10,894500.0000000001,ST
84,Nov,2018,TGG-142,TGG004,Tiền Giang,FA,10.0,Fungicide,RA,Dưa hấu,10,894500.0000000001,ST
85,Nov,2018,KGG-206,KGG014,Kiên Giang,Demo,2.0,Fungicide,FY,Lúa,10,3184420.0000000005,ST
86,Nov,2018,DTP-084,kgg008,Kiên Giang,Demo,2.0,Fungicide,FY,Lúa,10,3184420.0000000005,ST
87,Nov,2018,KGG-240,kgg008,Kiên Giang,Demo,2.0,Fungicide,FY,Lúa,10,3184420.0000000005,ST
88,Nov,2018,VLG-036,KGG001,Kiên Giang,Demo,2.0,Fungicide,FY,Lúa,10,3184420.0000000005,ST
89,Nov,2018,KGG-228,KGG012,Kiên Giang,Demo,1.0,Fungicide,FY,Lúa,5,1592210.0000000002,ST
90,Nov,2018,KGG-240,kgg008,Kiên Giang,TM,2.0,Fungicide,FY,Lúa,40,6619300.000000001,ST
91,Nov,2018,VLG-036,KGG001,Kiên Giang,TM,2.0,Fungicide,FY,Lúa,40,6619300.000000001,ST
92,Nov,2018,KGG-228,KGG012,Kiên Giang,TM,1.0,Fungicide,FY,Lúa,20,3309650.0000000005,ST
93,Nov,2018,KGG-080,kgg008,Kiên Giang,FA,10.0,Fungicide,FY,Lúa,10,894500.0000000001,ST
94,Nov,2018,KGG-235,KGG001,Kiên Giang,FA,10.0,Fungicide,FY,Lúa,10,894500.0000000001,ST
95,Nov,2018,KGG-014,KGG013,Kiên Giang,FA,10.0,Fungicide,FY,Lúa,10,894500.0000000001,ST
96,Nov,2018,DNI-081,DNI001,Đồng Nai,TM,1.0,Fungicide,HO,Chuối,20,3309650.0000000005,ST
97,Nov,2018,DNI-048,DNI001,Đồng Nai,TM,1.0,Fungicide,HO,Chuối,20,3309650.0000000005,ST
98,Nov,2018,DNI-064,DNI001,Đồng Nai,TM,1.0,Fungicide,HO,Chuối,20,3309650.0000000005,ST
99,Nov,2018,DNI-104,DNI001,Đồng Nai,TM,1.0,Fungicide,HO,Chuối,20,3309650.0000000005,ST
100,Nov,2018,DNI-110,DNI001,Đồng Nai,TM,1.0,Fungicide,HO,Chuối,20,3309650.0000000005,ST
101,Nov,2018,DNI-048,DNI001,Đồng Nai,Demo,2.0,Fungicide,HO,Chuối,10,3184420.0000000005,ST
102,Nov,2018,DNI-064,DNI001,Đồng Nai,Demo,2.0,Fungicide,HO,Chuối,10,3184420.0000000005,ST
103,Nov,2018,DNI-167,DNI001,Đồng Nai,FA,5.0,Fungicide,HO,Chuối,5,447250.00000000006,ST
104,Nov,2018,DNI-081,DNI001,Đồng Nai,FA,5.0,Fungicide,HO,Chuối,5,447250.00000000006,ST
105,Nov,2018,DNI-048,DNI001,Đồng Nai,FA,5.0,Fungicide,HO,Chuối,5,447250.00000000006,ST
106,Nov,2018,DNI-104,DNI001,Đồng Nai,FA,5.0,Fungicide,HO,Chuối,5,447250.00000000006,ST
107,Nov,2018,DNI-110,DNI001,Đồng Nai,FA,10.0,Fungicide,HO,Chuối,10,894500.0000000001,ST
108,Nov,2018,DNI-128,DNI001,Đồng Nai,FA,5.0,Fungicide,HO,Chuối,5,447250.00000000006,ST
109,Nov,2018,TGG-106,TGG012,Tiền Giang,TM,1.0,Fungicide,HO,Dưa hấu,20,3309650.0000000005,ST
110,Nov,2018,TGG-140,TGG002,Tiền Giang,TM,1.0,Fungicide,HO,Sầu Riêng,20,3309650.0000000005,ST
111,Nov,2018,TGG-137,TGG004,Tiền Giang,TM,1.0,Fungicide,FY,Lúa,20,3309650.0000000005,ST
112,Nov,2018,TGG-058,TGG001,Tiền Giang,TM,1.0,Fungicide,HO,Sầu Riêng,20,3309650.0000000005,ST
113,Nov,2018,DTP-121,TGG004,Tiền Giang,TM,1.0,Fungicide,FY,Dưa hấu,20,3309650.0000000005,ST
114,Nov,2018,STG-101,DLK012,Đắk Lắk,E300,0.3333333333333333,Fungicide,HO,Sầu Riêng,100,41057550.0,ST
115,Nov,2018,LDG-227,LDG014,Lâm Đồng,Demo,2.0,Insecticide,DA,Sầu Riêng,10,3184420.0000000005,ST
116,Nov,2018,LDG-125,LDG014,Lâm Đồng,Demo,2.0,Insecticide,DA,Sầu Riêng,10,3184420.0000000005,ST
117,Nov,2018,LDG-066,LDG014,Lâm Đồng,Demo,2.0,Insecticide,DA,Sầu Riêng,10,3184420.0000000005,ST
118,Nov,2018,LDG-137,LDG014,Lâm Đồng,Demo,2.0,Insecticide,DA,Rau màu,10,3184420.0000000005,ST
119,Dec,2018,LDG-234,LDG014,Lâm Đồng,Demo,2.0,Insecticide,DA,Sầu Riêng,10,3184420.0000000005,ST
120,Dec,2018,LDG-204,LDG014,Lâm Đồng,Demo,2.0,Insecticide,DA,Sầu Riêng,10,3184420.0000000005,ST
121,Dec,2018,LDG-196,LDG014,Lâm Đồng,Demo,2.0,Insecticide,DA,Sầu Riêng,10,3184420.0000000005,ST
122,Dec,2018,LDG-235,LDG014,Lâm Đồng,Demo,2.0,Insecticide,DA,Sầu Riêng,10,3184420.0000000005,ST
123,Nov,2018,LDG-235,LDG014,Lâm Đồng,FA,5.0,Insecticide,DA,Sầu Riêng,5,447250.00000000006,ST
124,Nov,2018,LDG-235,LDG014,Lâm Đồng,FA,5.0,Insecticide,DA,Sầu Riêng,5,447250.00000000006,ST
125,Nov,2018,LDG-227,LDG014,Lâm Đồng,FA,5.0,Insecticide,DA,Sầu Riêng,5,447250.00000000006,ST
126,Nov,2018,LDG-227,LDG014,Lâm Đồng,FA,5.0,Insecticide,DA,Sầu Riêng,5,447250.00000000006,ST
127,Dec,2018,LDG-066,LDG014,Lâm Đồng,FA,5.0,Insecticide,DA,Sầu Riêng,5,447250.00000000006,ST
128,Dec,2018,LDG-066,LDG014,Lâm Đồng,FA,5.0,Insecticide,DA,Sầu Riêng,5,447250.00000000006,ST
129,Dec,2018,LDG-137,LDG014,Lâm Đồng,FA,5.0,Insecticide,DA,Rau màu,5,447250.00000000006,ST
130,Dec,2018,LDG-137,LDG014,Lâm Đồng,FA,5.0,Insecticide,DA,Rau màu,5,447250.00000000006,ST
131,Jan,2018,LDG-196,LDG014,Lâm Đồng,FA,5.0,Insecticide,DA,Sầu Riêng,5,447250.00000000006,ST
132,Jan,2018,LDG-196,LDG014,Lâm Đồng,FA,5.0,Insecticide,DA,Sầu Riêng,5,447250.00000000006,ST
133,Jan,2018,LDG-118,LDG014,Lâm Đồng,FA,5.0,Insecticide,DA,Sầu Riêng,5,447250.00000000006,ST
134,Jan,2018,LDG-118,LDG014,Lâm Đồng,FA,5.0,Insecticide,DA,Sầu Riêng,5,447250.00000000006,ST
135,Feb,2018,LDG-051,LDG014,Lâm Đồng,FA,5.0,Insecticide,DA,Sầu Riêng,5,447250.00000000006,ST
136,Feb,2018,LDG-051,LDG014,Lâm Đồng,FA,5.0,Insecticide,DA,Sầu Riêng,5,447250.00000000006,ST
137,Feb,2018,LDG-232,LDG014,Lâm Đồng,FA,5.0,Insecticide,DA,Sầu Riêng,5,447250.00000000006,ST
138,Feb,2018,LDG-232,LDG014,Lâm Đồng,FA,5.0,Insecticide,DA,Sầu Riêng,5,447250.00000000006,ST
139,Mar,2018,LDG-204,LDG014,Lâm Đồng,FA,5.0,Insecticide,DA,Sầu Riêng,5,447250.00000000006,ST
140,Mar,2018,LDG-204,LDG014,Lâm Đồng,FA,5.0,Insecticide,DA,Sầu Riêng,5,447250.00000000006,ST
141,Mar,2018,LDG-234,LDG014,Lâm Đồng,FA,5.0,Insecticide,DA,Sầu Riêng,5,447250.00000000006,ST
142,Mar,2018,LDG-234,LDG014,Lâm Đồng,FA,5.0,Insecticide,DA,Sầu Riêng,5,447250.00000000006,ST
143,Dec,2018,LDG-204,LDG014,Lâm Đồng,TM,1.0,Insecticide,DA,Sầu Riêng,20,3309650.0000000005,ST
144,Dec,2018,LDG-125,LDG014,Lâm Đồng,TM,1.0,Insecticide,DA,Sầu Riêng,20,3309650.0000000005,ST
145,Dec,2018,LDG-227,LDG014,Lâm Đồng,TM,1.0,Insecticide,DA,Sầu Riêng,20,3309650.0000000005,ST
146,Dec,2018,LDG-066,LDG014,Lâm Đồng,TM,1.0,Insecticide,DA,Sầu Riêng,20,3309650.0000000005,ST
147,Dec,2018,LDG-196,LDG014,Lâm Đồng,TM,1.0,Insecticide,DA,Sầu Riêng,20,3309650.0000000005,ST
148,Dec,2018,LDG-137,LDG014,Lâm Đồng,TM,1.0,Insecticide,DA,Rau màu,20,3309650.0000000005,ST
149,Nov,2018,STG-102,STG001,Sóc Trăng,E30,1.0,Fungicide,FY,Lúa,30,11225975.0,SE
150,Nov,2018,STG-042,STG001,Sóc Trăng,E30,1.0,Fungicide,FY,Lúa,30,11225975.0,SE
151,Nov,2018,STG-030,STG010,Sóc Trăng,E30,1.0,Fungicide,FY,Lúa,30,11225975.0,SE
152,Nov,2018,STG-007,STG001,Sóc Trăng,E30,1.0,Fungicide,FY,Lúa,30,11225975.0,SE
153,Nov,2018,STG-060,STG001,Sóc Trăng,E30,1.0,Fungicide,FY,Lúa,30,11225975.0,SE
154,Dec,2018,STG-083,STG010,Sóc Trăng,E60,1.0,Fungicide,FY,Lúa,60,22094150.0,SE
155,Nov,2018,LDG-061,LDG018,Lâm Đồng,Demo,2.0,Insecticide,DA,Rau màu,10,3184420.0000000005,ST
156,Nov,2018,LDG-001,LDG018,Lâm Đồng,Demo,2.0,Insecticide,DA,Rau màu,10,3184420.0000000005,ST
157,Nov,2018,LDG-013,LDG018,Lâm Đồng,Demo,2.0,Insecticide,DA,Rau màu,10,3184420.0000000005,ST
158,Nov,2018,LDG-096,LDG005,Lâm Đồng,Demo,2.0,Insecticide,DA,Rau màu,10,3184420.0000000005,ST
159,Nov,2018,LDG-183,LDG005,Lâm Đồng,Demo,2.0,Insecticide,DA,Rau màu,10,3184420.0000000005,ST
160,Nov,2018,LDG-001,LDG018,Lâm Đồng,FA,10.0,Insecticide,DA,Rau màu,10,894500.0000000001,ST
161,Nov,2018,LDG-013,LDG018,Lâm Đồng,FA,10.0,Insecticide,DA,Rau màu,10,894500.0000000001,ST
162,Nov,2018,LDG-096,LDG005,Lâm Đồng,FA,10.0,Insecticide,DA,Rau màu,10,894500.0000000001,ST
163,Nov,2018,LDG-183,LDG005,Lâm Đồng,FA,10.0,Insecticide,DA,Rau màu,10,894500.0000000001,ST
164,Nov,2018,LDG-061,LDG018,Lâm Đồng,FA,10.0,Insecticide,DA,Rau màu,10,894500.0000000001,ST
165,Feb,2018,LDG-148,LDG018,Lâm Đồng,FA,10.0,Insecticide,DA,Rau màu,10,894500.0000000001,ST
166,Feb,2018,LDG-169,LDG003,Lâm Đồng,FA,10.0,Insecticide,DA,Rau màu,10,894500.0000000001,ST
167,Feb,2018,LDG-199,LDG003,Lâm Đồng,FA,10.0,Insecticide,DA,Rau màu,10,894500.0000000001,ST
168,Feb,2018,LDG-140,LDG003,Lâm Đồng,FA,10.0,Insecticide,DA,Rau màu,10,894500.0000000001,ST
169,Mar,2018,LDG-097,LDG003,Lâm Đồng,FA,10.0,Insecticide,DA,Rau màu,10,894500.0000000001,ST
170,Nov,2018,STG-027,STG001,Sóc Trăng,E30,1.0,Fungicide,FY,Lúa,30,11225975.0,SE
171,Dec,2018,STG-065,STG001,Sóc Trăng,E60,1.0,Fungicide,FY,Lúa,60,22094150.0,SE
172,Nov,2018,STG-112,STG001,Sóc Trăng,E60,1.0,Fungicide,FY,Lúa,60,22094150.0,SE
173,Nov,2018,BTN-059,BTN002,Bình Thuận,FA,5.0,Fungicide,FY,Lúa,5,447250.00000000006,ST
174,Nov,2018,BTN-002,BTN002,Bình Thuận,FA,5.0,Fungicide,FY,Lúa,5,447250.00000000006,ST
175,Nov,2018,BTN-003,BTN002,Bình Thuận,FA,5.0,Fungicide,FY,Lúa,5,447250.00000000006,ST
176,Nov,2018,BTN-030,BTN002,Bình Thuận,FA,5.0,Fungicide,HO,Rau màu,5,447250.00000000006,ST
177,Nov,2018,BTN-027,BTN008,Bình Thuận,FA,5.0,Fungicide,HO,Rau màu,5,447250.00000000006,ST
178,Nov,2018,BTN-041,BTN011,Bình Thuận,FA,5.0,Fungicide,FY,Thanh Long,5,447250.00000000006,ST
179,Nov,2018,KGG-149,BTN011,Bình Thuận,FA,5.0,Fungicide,FY,Thanh Long,5,447250.00000000006,ST
180,Nov,2018,BTN-040,BTN008,Bình Thuận,FA,5.0,Fungicide,FY,Lúa,5,447250.00000000006,ST
181,Dec,2018,KHA-004,KHA004,Khánh Hoà,FA,5.0,Herbicide & Molluscicide,FI,Lúa,5,447250.00000000006,ST
182,Dec,2018,KHA-012,KHA004,Khánh Hoà,FA,5.0,Fungicide,FY,Lúa,5,447250.00000000006,ST
183,Dec,2018,NTN-025,NTN002,Ninh Thuận,FA,5.0,Herbicide & Molluscicide,FI,Lúa,5,447250.00000000006,ST
184,Dec,2018,NTN-001,NTN002,Ninh Thuận,FA,5.0,Fungicide,FY,Lúa,5,447250.00000000006,ST
185,Nov,2018,DTP-075,DTP015,Đồng Tháp,E60,1.0,Fungicide,FY,Lúa,60,22094150.0,ST
186,Dec,2018,PYN-008,PYN004,Phú Yên,E30,1.0,Herbicide & Molluscicide,FAX,Lúa,30,11225975.0,SE
187,Dec,2018,PYN-010,PYN004,Phú Yên,E30,1.0,Herbicide & Molluscicide,FAX,Lúa,30,11225975.0,SE
188,Dec,2018,PYN-004,PYN004,Phú Yên,E30,1.0,Herbicide & Molluscicide,FAX,Lúa,30,11225975.0,SE
189,Dec,2018,PYN-002,PYN004,Phú Yên,E30,1.0,Herbicide & Molluscicide,FAX,Lúa,30,11225975.0,SE
190,Dec,2018,LDG-131,GLI002,Gia Lai,E60,1.0,Fungicide,HO,Cà chua,60,22094150.0,SE
191,Dec,2018,GLI-096,GLI002,Gia Lai,E60,1.0,Fungicide,HO,Cà chua,60,22094150.0,SE
192,Nov,2018,KHA-009,KHA004,Khánh Hoà,E60,1.0,Herbicide & Molluscicide,PAN,Lúa,60,22094150.0,SE
193,Dec,2018,CTO-094,CTO018,Cần Thơ,FA,10.0,Fungicide,UQE,Lúa,10,894500.0000000001,ST
194,Dec,2018,CTO-088,CTO018,Cần Thơ,FA,10.0,Fungicide,UQE,Lúa,10,894500.0000000001,ST
195,Dec,2018,CTO-048,CTO018,Cần Thơ,FA,9.0,Fungicide,UQE,Sầu Riêng,9,805050.0000000001,ST
196,Dec,2018,CTO-064,CTO018,Cần Thơ,FA,9.0,Fungicide,UQE,Lúa,9,805050.0000000001,ST
197,Dec,2018,CTO-035,CTO018,Cần Thơ,FA,12.0,Insecticide,JO,Dưa hấu,12,1073400.0,ST
198,Dec,2018,CTO-058,CTO003,Cần Thơ,FA,15.0,Fungicide,MAL,Mận,15,1341750.0,ST
199,Dec,2018,CTO-078,CTO003,Cần Thơ,FA,10.0,Fungicide,MAL,Mận,10,894500.0000000001,ST
200,Dec,2018,CTO-067,CTO003,Cần Thơ,FA,10.0,Fungicide,MAL,Sầu Riêng,10,894500.0000000001,ST
201,Dec,2018,HGG-087,CTO003,Cần Thơ,FA,10.0,Fungicide,FY,Lúa,10,894500.0000000001,ST
202,Dec,2018,KGG-026,CTO003,Cần Thơ,FA,5.0,Fungicide,FY,Lúa,5,447250.00000000006,ST
203,Nov,2018,CTO-094,CTO018,Cần Thơ,Demo,1.0,Fungicide,FY,Lúa,5,1592210.0000000002,ST
204,Nov,2018,CTO-094,CTO018,Cần Thơ,Demo,1.0,Fungicide,UQE,Lúa,5,1592210.0000000002,ST
205,Nov,2018,CTO-088,CTO018,Cần Thơ,Demo,1.0,Fungicide,FY,Lúa,5,1592210.0000000002,ST
206,Nov,2018,CTO-088,CTO018,Cần Thơ,Demo,1.0,Fungicide,UQE,Lúa,5,1592210.0000000002,ST
207,Nov,2018,CTO-048,CTO018,Cần Thơ,Demo,1.0,Fungicide,UQE,Sầu Riêng,5,1592210.0000000002,ST
208,Nov,2018,CTO-048,CTO018,Cần Thơ,Demo,1.0,Insecticide,MPT,Sầu Riêng,5,1592210.0000000002,ST
209,Dec,2018,CTO-031,CTO018,Cần Thơ,Demo,2.0,Insecticide,MPT,Nhãn,10,3184420.0000000005,ST
210,Dec,2018,CTO-044,CTO018,Cần Thơ,Demo,2.0,Insecticide,MPT,Dưa hấu,10,3184420.0000000005,ST
211,Dec,2018,CTO-035,CTO018,Cần Thơ,Demo,2.0,Insecticide,MPT,Dưa hấu,10,3184420.0000000005,ST
212,Dec,2018,CTO-058,CTO003,Cần Thơ,Demo,2.0,Insecticide,MPT,Mận,10,3184420.0000000005,ST
213,Dec,2018,CTO-067,CTO003,Cần Thơ,Demo,2.0,Insecticide,MPT,Sầu Riêng,10,3184420.0000000005,ST
214,Dec,2018,HGG-087,CTO003,Cần Thơ,Demo,1.0,Insecticide,MPT,Lúa,5,1592210.0000000002,ST
215,Dec,2018,KGG-026,CTO003,Cần Thơ,Demo,1.0,Insecticide,MPT,Lúa,5,1592210.0000000002,ST
216,Dec,2018,CTO-094,CTO018,Cần Thơ,TM,1.0,Insecticide,MPT,Lúa,20,3309650.0000000005,SE
217,Dec,2018,CTO-088,CTO018,Cần Thơ,TM,1.0,Insecticide,MPT,Lúa,20,3309650.0000000005,SE
218,Dec,2018,CTO-048,CTO018,Cần Thơ,TM,2.0,Insecticide,MPT,Sầu Riêng,40,6619300.000000001,SE
219,Dec,2018,CTO-031,CTO018,Cần Thơ,TM,1.0,Insecticide,MPT,Nhãn,20,3309650.0000000005,SE
220,Dec,2018,CTO-044,CTO018,Cần Thơ,TM,1.0,Insecticide,MPT,Dưa hấu,20,3309650.0000000005,SE
221,Dec,2018,CTO-035,CTO018,Cần Thơ,TM,1.0,Insecticide,MPT,Dưa hấu,20,3309650.0000000005,SE
222,Dec,2018,CTO-058,CTO003,Cần Thơ,TM,1.0,Insecticide,MPT,Mận,20,3309650.0000000005,SE
223,Dec,2018,CTO-067,CTO003,Cần Thơ,TM,1.0,Insecticide,MPT,Sầu Riêng,20,3309650.0000000005,SE
224,Dec,2018,HGG-087,CTO003,Cần Thơ,TM,1.0,Insecticide,MPT,Lúa,20,3309650.0000000005,SE
225,Dec,2018,KGG-026,CTO003,Cần Thơ,TM,1.0,Insecticide,MPT,Lúa,20,3309650.0000000005,SE
226,Dec,2018,QNM-001,QNM010,Quảng Nam,E30,1.0,Insecticide,MPT,Lúa,30,11225975.0,SE
227,Dec,2018,QNM-009,QNM010,Quảng Nam,E30,1.0,Insecticide,MPT,Lúa,30,11225975.0,SE
228,Dec,2018,QNM-007,QNM010,Quảng Nam,E30,1.0,Insecticide,MPT,Lúa,30,11225975.0,SE
229,Dec,2018,QNM-008,QNM009,Quảng Nam,E30,1.0,Insecticide,MPT,Lúa,30,11225975.0,SE
230,Dec,2018,DTP-141,DTP015,Đồng Tháp,E400,0.125,Insecticide,MPT,Lúa,50,20528775.0,SE
231,Dec,2018,DTP-044,DTP015,Đồng Tháp,E400,0.125,Insecticide,MPT,Lúa,50,20528775.0,SE
232,Dec,2018,DTP-051,DTP015,Đồng Tháp,E400,0.125,Insecticide,MPT,Lúa,50,20528775.0,SE
233,Dec,2018,DTP-055,DTP015,Đồng Tháp,E400,0.125,Insecticide,MPT,Lúa,50,20528775.0,SE
234,Dec,2018,DTP-196,DTP015,Đồng Tháp,E400,0.125,Insecticide,MPT,Lúa,50,20528775.0,SE
235,Dec,2018,DTP-048,DTP015,Đồng Tháp,E400,0.125,Insecticide,MPT,Lúa,50,20528775.0,SE
236,Dec,2018,DTP-161,DTP015,Đồng Tháp,E400,0.125,Insecticide,MPT,Lúa,50,20528775.0,SE
237,Dec,2018,BTN-059,BTN002,Bình Thuận,SC,1.0,Insecticide,MPT,Lúa,25,1654825.0000000002,SE
238,Dec,2018,BTN-002,BTN002,Bình Thuận,SC,1.0,Insecticide,MPT,Lúa,25,1654825.0000000002,SE
239,Dec,2018,BTN-003,BTN002,Bình Thuận,SC,1.0,Insecticide,MPT,Lúa,25,1654825.0000000002,SE
240,Dec,2018,BTN-108,BTN002,Bình Thuận,SC,1.0,Insecticide,MPT,Lúa,25,1654825.0000000002,SE
241,Dec,2018,BTN-065,BTN002,Bình Thuận,SC,1.0,Insecticide,MPT,Lúa,25,1654825.0000000002,SE
242,Dec,2018,BTN-053,BTN002,Bình Thuận,SC,1.0,Insecticide,MPT,Lúa,25,1654825.0000000002,SE
243,Dec,2018,QNI-006,QNI001,Quảng Ngãi,SC,2.0,Insecticide,MPT,Lúa,50,3309650.0000000005,SE
244,Dec,2018,QNI-007,QNI001,Quảng Ngãi,SC,1.0,Insecticide,MPT,Lúa,25,1654825.0000000002,SE
245,Dec,2018,QNI-010,QNI001,Quảng Ngãi,SC,1.0,Insecticide,MPT,Lúa,25,1654825.0000000002,SE
246,Dec,2018,QNI-019,QNI001,Quảng Ngãi,SC,2.0,Insecticide,MPT,Lúa,50,3309650.0000000005,SE
247,Dec,2018,QNI-013,QNI001,Quảng Ngãi,SC,2.0,Insecticide,MPT,Lúa,50,3309650.0000000005,SE
248,Dec,2018,QNI-008,QNI001,Quảng Ngãi,SC,2.0,Insecticide,MPT,Lúa,50,3309650.0000000005,SE
249,Dec,2018,QNI-003,QNI001,Quảng Ngãi,SC,2.0,Insecticide,MPT,Lúa,50,3309650.0000000005,SE
250,Dec,2018,QNI-025,QNI001,Quảng Ngãi,SC,1.0,Insecticide,MPT,Lúa,25,1654825.0000000002,SE
251,Dec,2018,QNI-005,QNI001,Quảng Ngãi,SC,2.0,Insecticide,MPT,Lúa,50,3309650.0000000005,SE
252,Jan,2019,QNI-002,QNI001,Quảng Ngãi,SC,1.0,Insecticide,MPT,Lúa,25,1654825.0000000002,SE
253,Jan,2019,QNI-004,QNI001,Quảng Ngãi,SC,2.0,Insecticide,MPT,Lúa,50,3309650.0000000005,SE
254,Nov,2018,QNM-001,QNM010,Quảng Nam,SC,1.0,Insecticide,MPT,Lúa,25,1654825.0000000002,SE
255,Nov,2018,QNM-004,QNM010,Quảng Nam,SC,1.0,Insecticide,MPT,Lúa,25,1654825.0000000002,SE
256,Nov,2018,QNM-014,QNM010,Quảng Nam,SC,1.0,Insecticide,MPT,Lúa,25,1654825.0000000002,SE
257,Dec,2018,QNM-006,QNM010,Quảng Nam,SC,1.0,Insecticide,MPT,Lúa,25,1654825.0000000002,SE
258,Dec,2018,QNM-003,QNM010,Quảng Nam,SC,1.0,Insecticide,MPT,Lúa,25,1654825.0000000002,SE
259,Dec,2018,QNM-007,QNM010,Quảng Nam,SC,1.0,Insecticide,MPT,Lúa,25,1654825.0000000002,SE
260,Dec,2018,QNM-009,QNM010,Quảng Nam,SC,1.0,Insecticide,MPT,Lúa,25,1654825.0000000002,SE
261,Dec,2018,QNM-008,QNM009,Quảng Nam,SC,1.0,Insecticide,MPT,Lúa,25,1654825.0000000002,SE
262,Dec,2018,GLI-001,GLI002,Gia Lai,FA,10.0,Insecticide,MPT,Bắp,10,894500.0000000001,SE
263,Dec,2018,GLI-002,GLI002,Gia Lai,FA,10.0,Insecticide,MPT,Bắp,10,894500.0000000001,SE
264,Dec,2018,GLI-003,GLI002,Gia Lai,FA,10.0,Insecticide,MPT,Bắp,10,894500.0000000001,SE
265,Dec,2018,BDH-002,BDH005,Bình Định,FA,10.0,Insecticide,MPT,Ớt,10,894500.0000000001,SE
266,Dec,2018,BDH-003,BDH005,Bình Định,FA,10.0,Insecticide,MPT,Đậu,10,894500.0000000001,SE
267,Dec,2018,BDH-004,BDH005,Bình Định,FA,10.0,Insecticide,MPT,Ớt,10,894500.0000000001,SE
268,Dec,2018,PYN-001,PYN004,Phú Yên,FA,5.0,Insecticide,MPT,Lúa,5,447250.00000000006,SE
269,Dec,2018,PYN-002,PYN004,Phú Yên,FA,5.0,Insecticide,MPT,Lúa,5,447250.00000000006,SE
270,Dec,2018,PYN-003,PYN004,Phú Yên,FA,5.0,Insecticide,MPT,Lúa,5,447250.00000000006,SE
271,Dec,2018,PYN-004,PYN004,Phú Yên,FA,10.0,Insecticide,MPT,Hoa,10,894500.0000000001,SE
272,Dec,2018,QNI-002,QNI001,Quảng Ngãi,FA,5.0,Insecticide,MPT,Lúa,5,447250.00000000006,SE
273,Dec,2018,QNI-004,QNI001,Quảng Ngãi,FA,10.0,Insecticide,MPT,Hoa,10,894500.0000000001,SE
274,Dec,2018,QNI-006,QNI001,Quảng Ngãi,FA,10.0,Insecticide,MPT,Hoa,10,894500.0000000001,SE
275,Dec,2018,HUE-009,QTI001,Quảng Trị,FA,5.0,Insecticide,MPT,Lúa,5,447250.00000000006,SE
276,Dec,2018,HUE-010,QTI001,Quảng Trị,FA,5.0,Insecticide,MPT,Lúa,5,447250.00000000006,SE
277,Dec,2018,QTI-001,QTI001,Quảng Trị,FA,5.0,Insecticide,MPT,Hành,5,447250.00000000006,SE
278,Dec,2018,QTI-002,QTI001,Quảng Trị,FA,10.0,Insecticide,MPT,Hành,10,894500.0000000001,SE
279,Dec,2018,QNM-001,QNM010,Quảng Nam,FA,10.0,Insecticide,MPT,Ớt,10,894500.0000000001,SE
280,Dec,2018,QNM-002,QNM010,Quảng Nam,FA,10.0,Insecticide,MPT,Ớt,10,894500.0000000001,SE
281,Dec,2018,QNM-004,QNM010,Quảng Nam,FA,10.0,Insecticide,MPT,Ớt,10,894500.0000000001,SE
282,Dec,2018,QNM-005,QNM010,Quảng Nam,FA,5.0,Insecticide,MPT,Ớt,5,447250.00000000006,SE
283,Nov,2018,BDH-001,BDH005,Bình Định,SC,1.0,Herbicide & Molluscicide,FAX,Lúa,25,1654825.0000000002,SE
284,Nov,2018,BDH-020,BDH005,Bình Định,SC,1.0,Herbicide & Molluscicide,FAX,Lúa,25,1654825.0000000002,SE
285,Nov,2018,BDH-012,BDH005,Bình Định,SC,1.0,Herbicide & Molluscicide,FAX,Lúa,25,1654825.0000000002,SE
286,Dec,2018,LDG-113,BDH005,Bình Định,SC,1.0,Herbicide & Molluscicide,FAX,Lúa,25,1654825.0000000002,SE
287,Dec,2018,BDH-007,BDH005,Bình Định,SC,1.0,Herbicide & Molluscicide,FAX,Lúa,25,1654825.0000000002,SE
288,Dec,2018,BDH-013,BDH005,Bình Định,SC,1.0,Herbicide & Molluscicide,FAX,Lúa,25,1654825.0000000002,SE
289,Dec,2018,BTN-073,BDH005,Bình Định,SC,1.0,Herbicide & Molluscicide,FAX,Lúa,25,1654825.0000000002,SE
290,Dec,2018,BDH-004,BDH005,Bình Định,SC,1.0,Herbicide & Molluscicide,FAX,Lúa,25,1654825.0000000002,SE
291,Dec,2018,BDH-002,BDH005,Bình Định,E30,1.0,Herbicide & Molluscicide,FAX,Lúa,30,11225975.0,SE
292,Dec,2018,DTP-088,BDH005,Bình Định,E30,1.0,Herbicide & Molluscicide,FAX,Lúa,30,11225975.0,SE
293,Dec,2018,DNI-041,DNI001,Đồng Nai,E60,1.0,Fungicide,HO,Xoài,60,22094150.0,SE
294,Dec,2018,DNI-098,DNI022,Đồng Nai,E100,1.0,Fungicide,HO,Xoài,100,37479550.0,SE
295,Nov,2018,DNI-098,DNI001,Đồng Nai,SC,2.0,Fungicide,HO,Xoài,50,3309650.0000000005,SE
296,Nov,2018,DNI-041,DNI001,Đồng Nai,SC,2.0,Bio-organic,GN,Xoài,50,3309650.0000000005,SE
297,Nov,2018,DNI-009,DNI001,Đồng Nai,SC,2.0,Bio-organic,GN,Xoài,50,3309650.0000000005,SE
298,Nov,2018,DNI-117,DNI001,Đồng Nai,SC,2.0,Bio-organic,GN,Xoài,50,3309650.0000000005,SE
299,Nov,2018,DNI-030,DNI001,Đồng Nai,SC,2.0,Bio-organic,GN,Xoài,50,3309650.0000000005,SE
300,Dec,2018,DNI-007,DNI001,Đồng Nai,SC,2.0,Fungicide,MAL,Sầu Riêng,50,3309650.0000000005,SE
301,Dec,2018,LDG-061,LDG018,Lâm Đồng,TM,1.0,Insecticide,DA,Rau màu,20,3309650.0000000005,ST
302,Dec,2018,LDG-001,LDG018,Lâm Đồng,TM,2.0,Insecticide,DA,Rau màu,40,6619300.000000001,ST
303,Dec,2018,LDG-013,LDG018,Lâm Đồng,TM,1.0,Insecticide,DA,Rau màu,20,3309650.0000000005,ST
304,Dec,2018,LDG-096,LDG005,Lâm Đồng,TM,1.0,Insecticide,DA,Rau màu,20,3309650.0000000005,ST
305,Dec,2018,LDG-183,LDG005,Lâm Đồng,TM,1.0,Insecticide,DA,Rau màu,20,3309650.0000000005,ST
306,Dec,2018,LDG-150,LDG018,Lâm Đồng,TM,1.0,Insecticide,DA,Rau màu,20,3309650.0000000005,ST
307,Dec,2018,LDG-058,LDG018,Lâm Đồng,TM,1.0,Insecticide,DA,Rau màu,20,3309650.0000000005,ST
308,Dec,2018,LDG-071,LDG003,Lâm Đồng,TM,1.0,Insecticide,DA,Rau màu,20,3309650.0000000005,ST
309,Dec,2018,LDG-006,LDG003,Lâm Đồng,TM,1.0,Insecticide,DA,Rau màu,20,3309650.0000000005,ST
310,Dec,2018,LDG-064,LDG005,Lâm Đồng,Demo,1.0,Insecticide,DA,Rau màu,5,1592210.0000000002,ST
311,Dec,2018,LDG-097,LDG003,Lâm Đồng,Demo,1.0,Insecticide,DA,Rau màu,5,1592210.0000000002,ST
312,Dec,2018,LDG-150,LDG018,Lâm Đồng,Demo,1.0,Insecticide,DA,Rau màu,5,1592210.0000000002,ST
313,Dec,2018,LDG-058,LDG018,Lâm Đồng,Demo,1.0,Insecticide,DA,Rau màu,5,1592210.0000000002,ST
314,Dec,2018,LDG-071,LDG003,Lâm Đồng,Demo,1.0,Insecticide,DA,Rau màu,5,1592210.0000000002,ST
315,Dec,2018,LDG-006,LDG003,Lâm Đồng,Demo,1.0,Insecticide,DA,Rau màu,5,1592210.0000000002,ST
316,Dec,2018,HUE-002,QTI001,Thừa Thiên - Huế,E30,1.0,Herbicide & Molluscicide,FAX,Lúa,30,11225975.0,SE
317,Dec,2018,QTI-008,QTI001,Quảng Trị,E30,1.0,Herbicide & Molluscicide,FAX,Lúa,30,11225975.0,SE
318,Dec,2018,QTI-007,QTI001,Quảng Trị,E30,1.0,Herbicide & Molluscicide,FAX,Lúa,30,11225975.0,SE
319,Dec,2018,QTI-006,QTI001,Quảng Trị,SC,1.0,Herbicide & Molluscicide,FAX,Lúa,25,1654825.0000000002,SE
320,Dec,2018,QTI-007,QTI001,Quảng Trị,SC,1.0,Herbicide & Molluscicide,FAX,Lúa,25,1654825.0000000002,SE
321,Dec,2018,VLG-058,QTI001,Quảng Trị,SC,1.0,Herbicide & Molluscicide,FAX,Lúa,25,1654825.0000000002,SE
322,Dec,2018,QTI-002,QTI001,Quảng Trị,SC,1.0,Herbicide & Molluscicide,FAX,Lúa,25,1654825.0000000002,SE
323,Dec,2018,QTI-001,QTI001,Quảng Trị,SC,1.0,Herbicide & Molluscicide,FAX,Lúa,25,1654825.0000000002,SE
324,Jan,2019,QTI-003,QTI001,Quảng Trị,SC,1.0,Herbicide & Molluscicide,FAX,Lúa,25,1654825.0000000002,SE
325,Jan,2019,HUE-002,QTI001,Thừa Thiên - Huế,SC,1.0,Herbicide & Molluscicide,FAX,Lúa,25,1654825.0000000002,SE
326,Dec,2018,PYN-008,PYN004,Phú Yên,SC,1.0,Herbicide & Molluscicide,FAX,Lúa,25,1654825.0000000002,SE
327,Dec,2018,PYN-010,PYN004,Phú Yên,SC,1.0,Herbicide & Molluscicide,FAX,Lúa,25,1654825.0000000002,SE
328,Dec,2018,PYN-004,PYN004,Phú Yên,SC,1.0,Herbicide & Molluscicide,FAX,Lúa,25,1654825.0000000002,SE
329,Dec,2018,PYN-002,PYN004,Phú Yên,SC,1.0,Herbicide & Molluscicide,FAX,Lúa,25,1654825.0000000002,SE
330,Nov,2018,LAN-082,LAN006,Long An,TM,4.0,Fungicide,HO,Thanh Long,80,13238600.000000002,SE
331,Dec,2018,LAN-113,LAN032,Long An,TM,3.0,Fungicide,FY,Lúa,60,9928950.0,SE
332,Nov,2018,LAN-082,LAN006,Long An,FA,30.0,Fungicide,HO,Thanh Long,30,2683500.0,SE
333,Nov,2018,LAN-113,LAN032,Long An,FA,20.0,Fungicide,FY,Lúa,20,1789000.0000000002,SE
334,Dec,2018,LAN-082,LAN006,Long An,Demo,3.0,Fungicide,HO,Thanh Long,15,4776630.0,SE
335,Dec,2018,LAN-066,LAN006,Long An,Demo,2.0,Fungicide,HO,Thanh Long,10,3184420.0000000005,SE
336,Dec,2018,LAN-113,LAN032,Long An,Demo,3.0,Fungicide,FY,Lúa,15,4776630.0,SE
337,Nov,2018,DNG-008,LAN032,Long An,Demo,2.0,Fungicide,FY,Lúa,10,3184420.0000000005,SE
338,Dec,2018,DNI-003,DNI003,Đồng Nai,SC,7.0,Fungicide,HO,Sầu Riêng,175,11583775.000000002,SE
339,Dec,2018,DNI-006,DNI003,Đồng Nai,SC,3.0,Fungicide,SR,Sầu Riêng,75,4964475.0,SE
340,Dec,2018,DNI-069,DNI003,Đồng Nai,SC,3.0,Fungicide,SR,Sầu Riêng,75,4964475.0,SE
341,Dec,2018,DNI-001,DNI003,Đồng Nai,SC,3.0,Fungicide,SR,Sầu Riêng,75,4964475.0,SE
342,Dec,2018,DNI-030,DNI003,Đồng Nai,SC,2.0,Fungicide,SR,Sầu Riêng,50,3309650.0000000005,SE
343,Dec,2018,DNI-017,DNI003,Đồng Nai,SC,2.0,Fungicide,MAL,Sầu Riêng,50,3309650.0000000005,SE
344,Dec,2018,DNI-104,DNI001,Đồng Nai,SC,3.0,Bio-organic,GN,Bưởi,75,4964475.0,SE
345,Dec,2018,BDG-001,DNI001,Bình Dương,SC,3.0,Bio-organic,GN,Cam,75,4964475.0,SE
346,Dec,2018,DNI-048,DNI001,Đồng Nai,SC,3.0,Bio-organic,GN,Chuối,75,4964475.0,SE
347,Dec,2018,DNI-081,DNI001,Đồng Nai,SC,2.0,Bio-organic,GN,Chuối,50,3309650.0000000005,SE
348,Jan,2019,DNI-023,DNI023,Đồng Nai,SC,5.0,Fungicide,SR,Sầu Riêng,125,8274125.000000001,SE
349,Jan,2019,VTU-020,DNI023,Bà Rịa - Vũng Tàu,SC,3.0,Fungicide,SR,Lúa,75,4964475.0,SE
350,Jan,2019,VTU-015,DNI023,Bà Rịa - Vũng Tàu,SC,2.0,Fungicide,SR,Lúa,50,3309650.0000000005,SE
351,Dec,2018,BPC-044,bpc024,Bình Phước,SC,2.0,Fungicide,MAL,Sầu Riêng,50,3309650.0000000005,SE
352,Dec,2018,BPC-031,bpc024,Bình Phước,SC,2.0,Fungicide,MAL,Sầu Riêng,50,3309650.0000000005,SE
353,Dec,2018,BPC-034,bpc024,Bình Phước,SC,2.0,Fungicide,MAL,Sầu Riêng,50,3309650.0000000005,SE
354,Dec,2018,BPC-053,bpc024,Bình Phước,SC,2.0,Fungicide,MAL,Sầu Riêng,50,3309650.0000000005,SE
355,Dec,2018,TGG-094,bpc024,Bình Phước,SC,2.0,Fungicide,MAL,Sầu Riêng,50,3309650.0000000005,SE
356,Dec,2018,BPC-021,BPC021,Bình Phước,SC,2.0,Bio-organic,GN,Điều,50,3309650.0000000005,SE
357,Dec,2018,BPC-011,BPC021,Bình Phước,SC,3.0,Bio-organic,GN,Điều,75,4964475.0,SE
358,Dec,2018,DNI-014,DNI001,Đồng Nai,SC,4.0,Fungicide,HO,Xoài,100,6619300.000000001,SE
359,Dec,2018,DNI-073,DNI001,Đồng Nai,SC,3.0,Bio-organic,GN,Lúa,75,4964475.0,SE
360,Dec,2018,DNI-110,DNI001,Đồng Nai,SC,4.0,Bio-organic,GN,Xoài,100,6619300.000000001,SE
361,Dec,2018,DNI-098,DNI001,Đồng Nai,SC,4.0,Bio-organic,GN,Xoài,100,6619300.000000001,SE
362,Dec,2018,TNH-017,TNH013,Tây Ninh,SC,8.0,Fungicide,FY,Lúa,200,13238600.000000002,SE
363,Dec,2018,TNH-013,SGN050,Tây Ninh,SC,4.0,Bio-organic,GN,Mãng cầu,100,6619300.000000001,SE
364,Dec,2018,TNH-020,SGN050,Tây Ninh,SC,4.0,Fungicide,FY,Lúa,100,6619300.000000001,SE
365,Dec,2018,TNH-003,SGN050,Tây Ninh,SC,4.0,Fungicide,HO,Nhãn,100,6619300.000000001,SE
366,Dec,2018,TNH-011,SGN050,Tây Ninh,SC,3.0,Fungicide,HO,Mãng cầu,75,4964475.0,SE
367,Dec,2018,TNH-032,TNH014,Tây Ninh,SC,3.0,Fungicide,HO,Mãng cầu,75,4964475.0,SE
368,Dec,2018,BTN-033,DNI020,Đồng Nai,SC,2.0,Fungicide,HO,Dưa hấu,50,3309650.0000000005,SE
369,Dec,2018,BTN-007,DNI020,Bình Dương,SC,2.0,Fungicide,HO,Lúa,50,3309650.0000000005,SE
370,Dec,2018,BTN-121,DNI020,Đồng Nai,SC,2.0,Fungicide,HO,Dưa hấu,50,3309650.0000000005,SE
371,Dec,2018,BTN-047,DNI020,Đồng Nai,SC,2.0,Fungicide,HO,Dưa hấu,50,3309650.0000000005,SE
372,Dec,2018,BTN-042,DNI020,Đồng Nai,SC,2.0,Fungicide,HO,Sầu Riêng,50,3309650.0000000005,SE
373,Dec,2018,BTN-058,DNI020,Đồng Nai,SC,2.0,Fungicide,HO,Lúa,50,3309650.0000000005,SE
374,Dec,2018,TNH-020,DNI020,Đồng Nai,SC,2.0,Fungicide,HO,Ớt,50,3309650.0000000005,SE
375,Dec,2018,LDG-110,DNI020,Đồng Nai,SC,2.0,Fungicide,HO,Lúa,50,3309650.0000000005,SE
376,Dec,2018,BTN-067,DNI020,Đồng Nai,SC,2.0,Fungicide,HO,Dưa hấu,50,3309650.0000000005,SE
377,Dec,2018,NTN-027,NTN002,Ninh Thuận,E30,1.0,Herbicide & Molluscicide,FAX,Lúa,30,11225975.0,SE
378,Dec,2018,NTN-024,NTN002,Ninh Thuận,E60,1.0,Herbicide & Molluscicide,FAX,Lúa,60,22094150.0,SE
379,Dec,2018,NTN-001,NTN002,Ninh Thuận,E60,1.0,Herbicide & Molluscicide,FAX,Lúa,60,22094150.0,SE
380,Dec,2018,LDG-125,LDG014,Lâm Đồng,E30,1.0,Insecticide,DA,Sầu Riêng,30,11225975.0,SE
381,Dec,2018,LDG-227,LDG014,Lâm Đồng,E30,1.0,Insecticide,DA,Sầu Riêng,30,11225975.0,SE
382,Dec,2018,LDG-138,LDG014,Lâm Đồng,E60,1.0,Fungicide,MAL,Sầu Riêng,60,22094150.0,SE
383,Dec,2018,TGG-018,TGG012,Tiền Giang,E60,1.0,Fungicide,FY,Lúa,60,22094150.0,SE
384,Dec,2018,TGG-073,TGG012,Tiền Giang,E60,1.0,Fungicide,FY,Lúa,60,22094150.0,SE
385,Dec,2018,CTO-035,CTO018,Cần Thơ,E30,1.0,Fungicide,MAL,Dưa hấu,30,11225975.0,SE
386,Dec,2018,CTO-094,CTO018,Cần Thơ,E30,1.0,Fungicide,FY,Lúa,30,11225975.0,SE
387,Dec,2018,CTO-044,CTO018,Cần Thơ,E30,1.0,Fungicide,MAL,Dưa hấu,30,11225975.0,SE
388,Dec,2018,CTO-099,CTO018,Cần Thơ,E30,1.0,Fungicide,FY,Lúa,30,11225975.0,SE
389,Dec,2018,LDG-131,CTO017,Cần Thơ,E30,1.0,Fungicide,FY,Lúa,30,11225975.0,SE
390,Jan,2019,BTE-045,BTE003,Bến Tre,E60,1.0,Fungicide,MAL,Bưởi,60,22094150.0,SE
391,Dec,2018,LAN-095,AGG029,An Giang,SC,1.0,Fungicide,HO,Lúa,25,1654825.0000000002,SE
392,Dec,2018,DTP-168,AGG029,An Giang,SC,1.0,Fungicide,HO,Lúa,25,1654825.0000000002,SE
393,Dec,2018,AGG-316,AGG029,An Giang,SC,1.0,Fungicide,HO,Lúa,25,1654825.0000000002,SE
394,Dec,2018,AGG-265,AGG029,An Giang,SC,1.0,Fungicide,HO,Lúa,25,1654825.0000000002,SE
395,Dec,2018,AGG-272,AGG029,An Giang,SC,1.0,Fungicide,HO,Lúa,25,1654825.0000000002,SE
396,Dec,2018,AGG-335,AGG029,An Giang,SC,1.0,Fungicide,HO,Lúa,25,1654825.0000000002,SE
397,Dec,2018,DLK-117,DLK016,Đắk Lắk,E100,1.0,Fungicide,MAL,Sầu Riêng,100,37479550.0,SE
398,Dec,2018,KHA-016,KHA004,Khánh Hoà,E30,1.0,Insecticide,MPT,Lúa,30,11225975.0,SE
399,Dec,2018,KHA-019,KHA004,Khánh Hoà,E30,1.0,Fungicide,MAL,Rau màu,30,11225975.0,SE
400,Dec,2018,KGG-240,kgg008,Kiên Giang,E60,1.0,Fungicide,FY,Lúa,60,22094150.0,SE
401,Dec,2018,KGG-240,kgg008,Kiên Giang,E60,1.0,Fungicide,FY,Lúa,60,22094150.0,SE
402,Dec,2018,KGG-188,kgg008,Kiên Giang,E60,1.0,Fungicide,FY,Lúa,60,22094150.0,SE
403,Dec,2018,KGG-188,kgg008,Kiên Giang,E60,1.0,Fungicide,FY,Lúa,60,22094150.0,SE
404,Jan,2019,BTE-045,BTE003,Bến Tre,TM,1.0,Fungicide,HO,Bưởi,20,3309650.0000000005,ST
405,Jan,2019,BTE-024,BTE003,Bến Tre,Demo,1.0,Fungicide,FY,Lúa,5,1592210.0000000002,ST
406,Jan,2019,BTE-039,BTE003,Bến Tre,Demo,1.0,Fungicide,FY,Lúa,5,1592210.0000000002,ST
407,Jan,2019,DNI-048,BTE003,Bến Tre,Demo,1.0,Fungicide,FY,Lúa,5,1592210.0000000002,ST
408,Jan,2019,BTE-045,BTE003,Bến Tre,Demo,1.0,Fungicide,HO,Bưởi,5,1592210.0000000002,ST
409,Jan,2019,BTE-045,BTE003,Bến Tre,Demo,1.0,Fungicide,RA,Bưởi,5,1592210.0000000002,ST
410,Dec,2018,AGG-062,AGG028,An Giang,SC,1.0,Fungicide,MAL,Lúa,25,1654825.0000000002,SE
411,Dec,2018,AGG-203,AGG028,An Giang,SC,1.0,Fungicide,MAL,Lúa,25,1654825.0000000002,SE
412,Dec,2018,AGG-307,AGG028,An Giang,SC,1.0,Fungicide,MAL,Lúa,25,1654825.0000000002,SE
413,Dec,2018,AGG-066,AGG028,An Giang,SC,1.0,Fungicide,MAL,Lúa,25,1654825.0000000002,SE
414,Dec,2018,AGG-139,AGG028,An Giang,SC,1.0,Fungicide,MAL,Lúa,25,1654825.0000000002,SE
415,Dec,2018,AGG-142,AGG028,An Giang,SC,1.0,Fungicide,MAL,Lúa,25,1654825.0000000002,SE
416,Dec,2018,TGG-110,TGG002,Tiền Giang,E60,1.0,Fungicide,HO,Sầu Riêng,60,22094150.0,SE
417,Dec,2018,KGG-171,kgg008,Kiên Giang,SC,4.0,Fungicide,FY,Lúa,100,6619300.000000001,SE
418,Dec,2018,KGG-190,kgg008,Kiên Giang,SC,4.0,Fungicide,FY,Lúa,100,6619300.000000001,SE
419,Dec,2018,KGG-007,kgg008,Kiên Giang,SC,4.0,Fungicide,FY,Lúa,100,6619300.000000001,SE
420,Dec,2018,KGG-180,kgg008,Kiên Giang,SC,4.0,Fungicide,FY,Lúa,100,6619300.000000001,SE
421,Dec,2018,AGG-301,kgg008,Kiên Giang,SC,4.0,Fungicide,FY,Lúa,100,6619300.000000001,SE
422,Dec,2018,TGG-011,TGG004,Tiền Giang,E60,1.0,Fungicide,FY,Lúa,60,22094150.0,SE
423,Dec,2018,TGG-137,TGG004,Tiền Giang,E60,1.0,Fungicide,FY,Lúa,60,22094150.0,SE
424,Jan,2019,GLI-049,GLI002,Gia Lai,E60,2.0,Fungicide,HO,Cà chua,120,44188300.0,SE
425,Dec,2018,AGG-324,AGG029,An Giang,E100,1.0,Fungicide,FY,Lúa,100,37479550.0,SE
426,Dec,2018,LAN-030,LAN006,Long An,SC,1.0,Fungicide,FY,Lúa,25,1654825.0000000002,SE
427,Dec,2018,LAN-036,LAN006,Long An,SC,1.0,Fungicide,FY,Lúa,25,1654825.0000000002,SE
428,Dec,2018,LAN-051,LAN006,Long An,SC,1.0,Fungicide,FY,Lúa,25,1654825.0000000002,SE
429,Dec,2018,LAN-081,LAN006,Long An,SC,1.0,Fungicide,FY,Lúa,25,1654825.0000000002,SE
430,Dec,2018,LAN-031,LAN006,Long An,SC,1.0,Fungicide,FY,Lúa,25,1654825.0000000002,SE
431,Dec,2018,LAN-026,LAN032,Long An,SC,1.0,Fungicide,FY,Lúa,25,1654825.0000000002,SE
432,Jan,2019,LAN-066,LAN032,Long An,SC,1.0,Fungicide,FY,Thanh Long,25,1654825.0000000002,SE
433,Jan,2019,LAN-083,LAN032,Long An,SC,1.0,Fungicide,FY,Thanh Long,25,1654825.0000000002,SE
434,Jan,2019,LAN-053,LAN006,Long An,SC,1.0,Fungicide,FY,Lúa,25,1654825.0000000002,SE
435,Jan,2019,LAN-084,LAN006,Long An,SC,1.0,Fungicide,FY,Lúa,25,1654825.0000000002,SE
436,Jan,2019,LAN-082,LAN032,Long An,SC,1.0,Fungicide,FY,Thanh Long,25,1654825.0000000002,SE
437,Jan,2019,LAN-112,LAN032,Long An,SC,1.0,Fungicide,FY,Thanh Long,25,1654825.0000000002,SE
438,Jan,2019,LAN-128,LAN006,Long An,SC,1.0,Fungicide,FY,Lúa,25,1654825.0000000002,SE
439,Jan,2019,LAN-101,LAN006,Long An,SC,1.0,Fungicide,FY,Lúa,25,1654825.0000000002,SE
440,Jan,2019,LAN-147,LAN032,Long An,SC,1.0,Fungicide,FY,Lúa,25,1654825.0000000002,SE
441,Jan,2019,LAN-143,LAN032,Long An,SC,1.0,Fungicide,FY,Lúa,25,1654825.0000000002,SE
442,Jan,2019,LAN-041,LAN006,Long An,SC,2.0,Fungicide,FY,Lúa,50,3309650.0000000005,SE
443,Jan,2019,LAN-133,LAN006,Long An,SC,1.0,Fungicide,FY,Lúa,25,1654825.0000000002,SE
444,Jan,2019,LAN-007,LAN006,Long An,SC,2.0,Fungicide,FY,Lúa,50,3309650.0000000005,SE
445,Jan,2019,LAN-146,LAN006,Long An,SC,2.0,Fungicide,FY,Lúa,50,3309650.0000000005,SE
446,Jan,2019,LAN-025,LAN032,Long An,SC,1.0,Fungicide,FY,Thanh Long,25,1654825.0000000002,SE
447,Jan,2019,LAN-085,LAN032,Long An,SC,1.0,Fungicide,FY,Thanh Long,25,1654825.0000000002,SE
448,Jan,2019,LAN-113,LAN032,Long An,SC,1.0,Fungicide,FY,Lúa,25,1654825.0000000002,SE
449,Jan,2019,LAN-057,LAN032,Long An,SC,1.0,Fungicide,FY,Lúa,25,1654825.0000000002,SE
450,Jan,2019,LAN-001,LAN006,Long An,SC,1.0,Fungicide,FY,Lúa,25,1654825.0000000002,SE
451,Jan,2019,LAN-009,LAN006,Long An,SC,1.0,Fungicide,FY,Lúa,25,1654825.0000000002,SE
452,Jan,2019,LAN-063,LAN006,Long An,SC,1.0,Fungicide,FY,Lúa,25,1654825.0000000002,SE
453,Jan,2019,LAN-086,LAN006,Long An,SC,1.0,Fungicide,FY,Lúa,25,1654825.0000000002,SE
454,Jan,2019,LAN-107,LAN006,Long An,SC,1.0,Fungicide,FY,Lúa,25,1654825.0000000002,SE
455,Jan,2019,LAN-038,LAN032,Long An,SC,1.0,Fungicide,FY,Lúa,25,1654825.0000000002,SE
456,Jan,2019,LAN-058,LAN032,Long An,SC,1.0,Fungicide,FY,Lúa,25,1654825.0000000002,SE
457,Jan,2019,LAN-019,LAN006,Long An,SC,1.0,Fungicide,FY,Lúa,25,1654825.0000000002,SE
458,Jan,2019,LAN-122,LAN006,Long An,SC,1.0,Fungicide,FY,Lúa,25,1654825.0000000002,SE
459,Jan,2019,LAN-023,LAN006,Long An,SC,1.0,Fungicide,FY,Lúa,25,1654825.0000000002,SE
460,Jan,2019,LAN-037,LAN006,Long An,SC,1.0,Fungicide,FY,Lúa,25,1654825.0000000002,SE
461,Jan,2019,LAN-059,LAN006,Long An,SC,1.0,Fungicide,FY,Lúa,25,1654825.0000000002,SE
462,Jan,2019,LAN-060,LAN006,Long An,SC,1.0,Fungicide,FY,Lúa,25,1654825.0000000002,SE
463,Jan,2019,LAN-021,LAN006,Long An,SC,1.0,Fungicide,FY,Lúa,25,1654825.0000000002,SE
464,Jan,2019,LAN-068,LAN006,Long An,SC,1.0,Fungicide,FY,Lúa,25,1654825.0000000002,SE
465,Jan,2019,LAN-093,LAN006,Long An,SC,1.0,Fungicide,FY,Lúa,25,1654825.0000000002,SE
466,Jan,2019,LAN-117,LAN006,Long An,SC,1.0,Fungicide,FY,Lúa,25,1654825.0000000002,SE
467,Dec,2018,LDG-148,LDG018,Lâm Đồng,E30,1.0,Fungicide,HO,Rau màu,30,11225975.0,SE
468,Dec,2018,LDG-015,LDG003,Lâm Đồng,E30,1.0,Fungicide,HO,Rau màu,30,11225975.0,SE
469,Dec,2018,LDG-219,LDG005,Lâm Đồng,E30,1.0,Fungicide,HO,Rau màu,30,11225975.0,SE
470,Jan,2018,LDG-095,LDG005,Lâm Đồng,E60,1.0,Insecticide,DA,Rau màu,60,22094150.0,SE
471,Jan,2019,DLK-013,DLK012,Đắk Lắk,E100,1.0,Fungicide,MAL,Sầu Riêng,100,37479550.0,SE
472,Jan,2019,DLK-052,DLK012,Đắk Lắk,E100,1.0,Fungicide,MAL,Sầu Riêng,100,37479550.0,SE
473,Dec,2018,DNI-090,DNI001,Đồng Nai,TM,1.0,Fungicide,HO,Sầu Riêng,20,3309650.0000000005,ST
474,Dec,2018,DNI-130,DNI001,Đồng Nai,TM,1.0,Fungicide,HO,Sầu Riêng,20,3309650.0000000005,ST
475,Jan,2019,VTU-004,DNI001,Bà Rịa - Vũng Tàu,TM,2.0,Fungicide,SR,Lúa,40,6619300.000000001,ST
476,Dec,2018,DNI-104,DNI001,Đồng Nai,Demo,2.0,Fungicide,HO,Chuối,10,3184420.0000000005,ST
477,Dec,2018,DNI-110,DNI001,Đồng Nai,Demo,2.0,Fungicide,HO,Chuối,10,3184420.0000000005,ST
478,Dec,2018,DNI-128,DNI001,Đồng Nai,Demo,1.0,Fungicide,HO,Sầu Riêng,5,1592210.0000000002,ST
479,Dec,2018,DNI-048,DNI001,Bà Rịa - Vũng Tàu,Demo,1.0,Fungicide,FY,Lúa,5,1592210.0000000002,ST
480,Dec,2018,VTU-010,DNI001,Bà Rịa - Vũng Tàu,Demo,1.0,Fungicide,FY,Lúa,5,1592210.0000000002,ST
481,Dec,2018,TNH-017,TNH013,Tây Ninh,Demo,1.0,Fungicide,FY,Lúa,5,1592210.0000000002,ST
482,Dec,2018,TNH-034,TNH011,Tây Ninh,Demo,2.0,Fungicide,FY,Lúa,10,3184420.0000000005,ST
483,Jan,2019,VTU-004,DNI001,Đồng Nai,FA,10.0,Fungicide,FY,Lúa,10,894500.0000000001,ST
484,Jan,2019,DNI-048,DNI001,Đồng Nai,FA,5.0,Fungicide,FY,Lúa,5,447250.00000000006,ST
485,Jan,2019,VTU-010,DNI001,Đồng Nai,FA,5.0,Fungicide,FY,Lúa,5,447250.00000000006,ST
486,Feb,2019,TNH-034,TNH011,Tây Ninh,FA,5.0,Fungicide,FY,Lúa,5,447250.00000000006,ST
487,Feb,2019,TNH-029,TNH012,Tây Ninh,FA,5.0,Fungicide,FY,Lúa,5,447250.00000000006,ST
488,Feb,2019,TNH-017,TNH013,Tây Ninh,FA,5.0,Fungicide,FY,Lúa,5,447250.00000000006,ST
489,Dec,2018,TNH-003,SGN050,Tây Ninh,FA,5.0,Fungicide,HO,Sầu Riêng,5,447250.00000000006,ST
490,Dec,2018,BTN-069,BTN002,Bình Thuận,E60,1.0,Fungicide,FY,Lúa,60,22094150.0,SE
491,Dec,2018,BTN-055,BTN002,Bình Thuận,E100,1.0,Fungicide,FY,Lúa,100,37479550.0,SE
492,Jan,2019,TGG-046,TGG013,Tiền Giang,SC,3.0,Fungicide,MAL,Xoài,75,4964475.0,SE
493,Jan,2019,TGG-140,TGG013,Tiền Giang,SC,3.0,Fungicide,MAL,Sầu Riêng,75,4964475.0,SE
494,Jan,2019,TGG-133,TGG013,Tiền Giang,SC,3.0,Fungicide,MAL,Sầu Riêng,75,4964475.0,SE
495,Jan,2019,TGG-143,TGG013,Tiền Giang,SC,3.0,Fungicide,MAL,Sầu Riêng,75,4964475.0,SE
496,Jan,2019,TGG-043,TGG013,Tiền Giang,SC,3.0,Fungicide,MAL,Chanh,75,4964475.0,SE
497,Jan,2019,TGG-182,TGG013,Tiền Giang,SC,3.0,Fungicide,MAL,Sầu Riêng,75,4964475.0,SE
498,Jan,2019,TGG-180,TGG013,Tiền Giang,SC,2.0,Insecticide,JO,Chanh,50,3309650.0000000005,SE
499,Jan,2019,TGG-068,TGG004,Tiền Giang,SC,3.0,Fungicide,FY,Lúa,75,4964475.0,SE
500,Jan,2019,AGG-353,TGG004,Tiền Giang,SC,3.0,Fungicide,FY,Lúa,75,4964475.0,SE
501,Jan,2019,TGG-123,TGG004,Tiền Giang,SC,2.0,Fungicide,FY,Lúa,50,3309650.0000000005,SE
502,Jan,2019,TGG-153,TGG001,Tiền Giang,SC,2.0,Fungicide,MAL,Sầu Riêng,50,3309650.0000000005,SE
503,Jan,2019,TGG-026,TGG001,Tiền Giang,SC,2.0,Fungicide,MAL,Sầu Riêng,50,3309650.0000000005,SE
504,Jan,2019,TGG-029,TGG001,Tiền Giang,SC,2.0,Fungicide,MAL,Sầu Riêng,50,3309650.0000000005,SE
505,Jan,2019,TGG-058,TGG001,Tiền Giang,SC,2.0,Fungicide,MAL,Sầu Riêng,50,3309650.0000000005,SE
506,Jan,2019,TGG-138,TGG001,Tiền Giang,SC,2.0,Fungicide,MAL,Sầu Riêng,50,3309650.0000000005,SE
507,Jan,2019,TGG-154,TGG001,Tiền Giang,SC,2.0,Fungicide,MAL,Sầu Riêng,50,3309650.0000000005,SE
508,Jan,2019,TGG-148,TGG001,Tiền Giang,SC,2.0,Fungicide,MAL,Sầu Riêng,50,3309650.0000000005,SE
509,Jan,2019,TGG-122,TGG001,Tiền Giang,SC,2.0,Fungicide,MAL,Sầu Riêng,50,3309650.0000000005,SE
510,Jan,2019,TGG-099,TGG001,Tiền Giang,SC,2.0,Fungicide,MAL,Sầu Riêng,50,3309650.0000000005,SE
511,Jan,2019,TGG-097,TGG001,Tiền Giang,SC,2.0,Fungicide,MAL,Sầu Riêng,50,3309650.0000000005,SE
512,Jan,2019,VLG-009,VLG008,Vĩnh Long,E60,1.0,Fungicide,FY,Lúa,60,22094150.0,SE
513,Jan,2019,VLG-007,VLG008,Vĩnh Long,E60,1.0,Fungicide,FY,Lúa,60,22094150.0,SE
514,Jan,2019,VLG-064,DTP006,Vĩnh Long,E60,1.0,Fungicide,FY,Lúa,60,22094150.0,SE
515,Dec,2018,QNI-003,QNI001,Quảng Ngãi,E30,1.0,Herbicide & Molluscicide,FAX,Lúa,30,11225975.0,SE
516,Dec,2018,QNI004,QNI001,Quảng Ngãi,E30,1.0,Herbicide & Molluscicide,FAX,Lúa,30,11225975.0,SE
517,Jan,2019,DNI-085,DNI020,Đồng Nai,E400,1.0,Fungicide,SR,Sầu Riêng,400,164230200.0,SE
518,Feb,2019,DTP-258,CTO018,Cần Thơ,SC,2.0,Herbicide & Molluscicide,FAX,Lúa,50,3309650.0000000005,SE
519,Feb,2019,CTO-035,CTO018,Cần Thơ,SC,2.0,Fungicide,HO,Dưa hấu,50,3309650.0000000005,SE
520,Feb,2019,GLI-089,CTO018,Cần Thơ,SC,2.0,Fungicide,MAL,Sầu Riêng,50,3309650.0000000005,SE
521,Feb,2019,CTO-064,CTO018,Cần Thơ,SC,2.0,Fungicide,HO,Dưa hấu,50,3309650.0000000005,SE
522,Feb,2019,CTO-094,CTO018,Cần Thơ,SC,2.0,Herbicide & Molluscicide,FAX,Lúa,50,3309650.0000000005,SE
523,Feb,2019,CTO-058,CTO003,Cần Thơ,SC,1.0,Fungicide,MAL,Mận,25,1654825.0000000002,SE
524,Feb,2019,CTO-078,CTO003,Cần Thơ,SC,1.0,Fungicide,MAL,Mận,25,1654825.0000000002,SE
525,Feb,2019,CTO-067,CTO003,Cần Thơ,SC,1.0,Fungicide,MAL,Sầu Riêng,25,1654825.0000000002,SE
526,Feb,2019,HGG-075,CTO006,Hậu Giang,SC,2.0,Fungicide,FY,Lúa,50,3309650.0000000005,SE
527,Feb,2019,HGG-092,CTO006,Hậu Giang,SC,2.0,Fungicide,FY,Lúa,50,3309650.0000000005,SE
528,Feb,2019,HGG-063,CTO006,Hậu Giang,SC,2.0,Fungicide,FY,Lúa,50,3309650.0000000005,SE
529,Feb,2019,HGG-051,CTO006,Hậu Giang,SC,2.0,Fungicide,FY,Lúa,50,3309650.0000000005,SE
530,Feb,2019,HGG-046,CTO014,Hậu Giang,SC,2.0,Fungicide,FY,Lúa,50,3309650.0000000005,SE
531,Feb,2019,HGG-088,CTO014,Hậu Giang,SC,1.0,Fungicide,FY,Lúa,25,1654825.0000000002,SE
532,Feb,2019,HGG-036,CTO014,Hậu Giang,SC,1.0,Fungicide,FY,Lúa,25,1654825.0000000002,SE
533,Feb,2019,HGG-015,CTO014,Hậu Giang,SC,1.0,Fungicide,FY,Lúa,25,1654825.0000000002,SE
534,Feb,2019,HGG-043,CTO014,Hậu Giang,SC,1.0,Fungicide,FY,Lúa,25,1654825.0000000002,SE
535,Feb,2019,STG-083,STG001,Sóc Trăng,SC,2.0,Fungicide,FY,Lúa,50,3309650.0000000005,SE
536,Feb,2019,STG-065,STG001,Sóc Trăng,SC,2.0,Fungicide,FY,Lúa,50,3309650.0000000005,SE
537,Feb,2019,KGG-055,STG001,Sóc Trăng,SC,2.0,Fungicide,FY,Lúa,50,3309650.0000000005,SE
538,Feb,2019,STG-006,STG001,Sóc Trăng,SC,1.0,Fungicide,FY,Lúa,25,1654825.0000000002,SE
539,Feb,2019,DNI-001,STG001,Sóc Trăng,SC,1.0,Fungicide,FY,Lúa,25,1654825.0000000002,SE
540,Feb,2019,BLU-004,STG010,Bạc Liêu,SC,1.0,Fungicide,FY,Lúa,25,1654825.0000000002,SE
541,Feb,2019,BLU-054,STG010,Bạc Liêu,SC,1.0,Fungicide,FY,Lúa,25,1654825.0000000002,SE
542,Jan,2019,BTN-003,BTN002,Bình Thuận,E100,1.0,Fungicide,FY,Lúa,100,37479550.0,SE
543,Jan,2019,BTN-059,BTN002,Bình Thuận,E100,1.0,Fungicide,FY,Lúa,100,37479550.0,SE
544,Feb,2019,KGG-135,kgg008,Kiên Giang,E60,1.0,Fungicide,FY,Lúa,60,22094150.0,SE
545,Feb,2019,KGG-186,kgg008,Kiên Giang,E60,1.0,Fungicide,FY,Lúa,60,22094150.0,SE
546,Feb,2019,KGG-161,kgg008,Kiên Giang,E60,1.0,Fungicide,FY,Lúa,60,22094150.0,SE
547,Feb,2019,KGG-080,kgg008,Kiên Giang,E60,1.0,Fungicide,FY,Lúa,60,22094150.0,SE
548,Jan,2019,KGG-100,kgg008,Kiên Giang,E200,1.0,Fungicide,FY,Lúa,200,82562350.0,SE
549,Jan,2019,KGG-215,KGG013,Kiên Giang,SC,4.0,Fungicide,FY,Lúa,100,6619300.000000001,ST
550,Jan,2019,KGG-213,KGG013,Kiên Giang,SC,4.0,Fungicide,FY,Lúa,100,6619300.000000001,ST
551,Jan,2019,KGG-131,KGG013,Kiên Giang,SC,4.0,Fungicide,FY,Lúa,100,6619300.000000001,ST
552,Jan,2019,KGG-009,KGG013,Kiên Giang,SC,4.0,Fungicide,FY,Lúa,100,6619300.000000001,ST
553,Jan,2019,KHA-051,KGG013,Kiên Giang,SC,4.0,Fungicide,FY,Lúa,100,6619300.000000001,ST
554,Jan,2019,KGG-128,KGG013,Kiên Giang,SC,4.0,Fungicide,FY,Lúa,100,6619300.000000001,ST
555,Jan,2019,KGG-223,KGG013,Kiên Giang,SC,4.0,Fungicide,FY,Lúa,100,6619300.000000001,ST
556,Jan,2019,KGG-234,KGG013,Kiên Giang,SC,4.0,Fungicide,FY,Lúa,100,6619300.000000001,ST
557,Jan,2019,KGG-221,KGG013,Kiên Giang,SC,1.0,Fungicide,FY,Lúa,25,1654825.0000000002,ST
558,Jan,2019,BTN-040,BTN008,Bình Thuận,Demo,2.0,Fungicide,FY,Lúa,10,3184420.0000000005,ST
559,Jan,2019,BTN-055,BTN002,Bình Thuận,Demo,2.0,Fungicide,FY,Lúa,10,3184420.0000000005,ST
560,Jan,2019,BTN-108,BTN002,Bình Thuận,Demo,2.0,Fungicide,FY,Lúa,10,3184420.0000000005,ST
561,Jan,2019,BTN-119,BTN010,Bình Thuận,Demo,2.0,Fungicide,FY,Lúa,10,3184420.0000000005,ST
562,Jan,2019,BTN-069,BTN002,Bình Thuận,Demo,2.0,Fungicide,FY,Lúa,10,3184420.0000000005,ST
563,Jan,2019,BTN-053,BTN002,Bình Thuận,TM,1.0,Fungicide,HO,Thanh Long,20,3309650.0000000005,ST
564,Jan,2019,BTN-133,BTN008,Bình Thuận,TM,1.0,Fungicide,FY,Lúa,20,3309650.0000000005,ST
565,Jan,2019,KHA-004,NTN002,Khánh Hoà,TM,2.0,Fungicide,FY,Lúa,40,6619300.000000001,ST
566,Jan,2019,AGG-014,AGG029,An Giang,Demo,2.0,Fungicide,FY,Lúa,10,3184420.0000000005,ST
567,Jan,2019,AGG-304,AGG029,An Giang,Demo,2.0,Fungicide,FY,Lúa,10,3184420.0000000005,ST
568,Jan,2019,AGG-101,AGG023,An Giang,Demo,2.0,Fungicide,FY,Lúa,10,3184420.0000000005,ST
569,Jan,2019,AGG-265,AGG023,An Giang,Demo,2.0,Fungicide,HO,Sầu Riêng,10,3184420.0000000005,ST
570,Jan,2019,AGG-062,AGG028,An Giang,Demo,2.0,Fungicide,FY,Lúa,10,3184420.0000000005,ST
571,Jan,2019,AGG-145,AGG028,An Giang,Demo,1.0,Fungicide,FY,Lúa,5,1592210.0000000002,ST
572,Jan,2019,AGG-173,AGG028,An Giang,Demo,1.0,Fungicide,FY,Lúa,5,1592210.0000000002,ST
573,Jan,2019,AGG-125,AGG028,An Giang,Demo,1.0,Fungicide,FY,Lúa,5,1592210.0000000002,ST
574,Jan,2019,AGG-296,AGG028,An Giang,Demo,1.0,Fungicide,FY,Lúa,5,1592210.0000000002,ST
575,Jan,2019,DTP-011,DTP006,Đồng Tháp,E60,1.0,Fungicide,FY,Lúa,60,22094150.0,SE
576,Feb,2019,DTP-217,DTP006,Đồng Tháp,E60,1.0,Fungicide,FY,Lúa,60,22094150.0,SE
577,Feb,2019,DTP-027,DTP006,Đồng Tháp,E60,1.0,Bio-organic,GN,Xoài,60,22094150.0,SE
578,Feb,2019,DTP-161,DTP006,Đồng Tháp,E60,1.0,Bio-organic,GN,Bầu,60,22094150.0,SE
579,Feb,2019,DTP-257,DTP015,Đồng Tháp,E60,1.0,Fungicide,FY,Lúa,60,22094150.0,SE
580,Feb,2019,DTP-222,DTP015,Đồng Tháp,E60,1.0,Fungicide,FY,Lúa,60,22094150.0,SE
581,Feb,2019,DTP-196,DTP015,Đồng Tháp,Demo,1.0,Fungicide,FY,Lúa,5,1592210.0000000002,ST
582,Feb,2019,DTP-048,DTP015,Đồng Tháp,Demo,1.0,Fungicide,FY,Lúa,5,1592210.0000000002,ST
583,Feb,2019,DTP-122,DTP015,Đồng Tháp,Demo,1.0,Fungicide,FY,Lúa,5,1592210.0000000002,ST
584,Feb,2019,DTP-140,DTP015,Đồng Tháp,Demo,1.0,Fungicide,FY,Lúa,5,1592210.0000000002,ST
585,Feb,2019,DTP-051,DTP006,Đồng Tháp,Demo,1.0,Bio-organic,GN,Quýt,5,1592210.0000000002,ST
586,Feb,2019,DTP-253,DTP006,Đồng Tháp,Demo,1.0,Bio-organic,GN,Quýt,5,1592210.0000000002,ST
587,Feb,2019,DTP-161,DTP006,Đồng Tháp,Demo,1.0,Fungicide,FY,Lúa,5,1592210.0000000002,ST
588,Feb,2019,DTP-108,DTP006,Đồng Tháp,Demo,1.0,Fungicide,FY,Lúa,5,1592210.0000000002,ST
589,Feb,2019,DTP-141,DTP006,Đồng Tháp,Demo,1.0,Fungicide,FY,Lúa,5,1592210.0000000002,ST
590,Feb,2019,DTP-044,DTP006,Đồng Tháp,Demo,1.0,Fungicide,FY,Lúa,5,1592210.0000000002,ST
591,Jan,2019,BLU-018,STG010,Bạc Liêu,E30,1.0,Fungicide,FY,Lúa,30,11225975.0,SE
592,Jan,2019,BLU-004,STG010,Bạc Liêu,E30,1.0,Fungicide,FY,Lúa,30,11225975.0,SE
593,Jan,2019,KGG-055,STG001,Sóc Trăng,E30,1.0,Fungicide,FY,Lúa,30,11225975.0,SE
594,Jan,2019,STG-102,STG001,Sóc Trăng,E30,1.0,Fungicide,FY,Lúa,30,11225975.0,SE
595,Jan,2019,STG-102,STG001,Sóc Trăng,E30,1.0,Fungicide,FY,Lúa,30,11225975.0,SE
596,Feb,2019,STG-112,STG001,Sóc Trăng,E30,1.0,Fungicide,FY,Lúa,30,11225975.0,SE
597,Feb,2019,STG-016,STG010,Sóc Trăng,E30,1.0,Fungicide,FY,Lúa,30,11225975.0,SE
598,Feb,2019,HGG-015,HGG003,Hậu Giang,SC,2.0,Fungicide,FY,Lúa,50,3309650.0000000005,SE
599,Feb,2019,HGG-046,HGG003,Hậu Giang,SC,2.0,Fungicide,MAL,Sầu Riêng,50,3309650.0000000005,SE
600,Feb,2019,HGG-088,HGG003,Hậu Giang,SC,2.0,Fungicide,FY,Lúa,50,3309650.0000000005,SE
601,Feb,2019,HGG-047,STG013,Hậu Giang,SC,2.0,Herbicide & Molluscicide,FAX,Lúa,50,3309650.0000000005,SE
602,Feb,2019,HGG-086,STG013,Hậu Giang,SC,2.0,Fungicide,MAL,Dưa hấu,50,3309650.0000000005,SE
603,Feb,2019,HGG-036,STG013,Hậu Giang,SC,2.0,Fungicide,MAL,Sầu Riêng,50,3309650.0000000005,SE
604,Feb,2019,HGG-043,STG013,Hậu Giang,SC,2.0,Fungicide,MAL,Sầu Riêng,50,3309650.0000000005,SE
605,Feb,2019,HGG-010,HGG002,Hậu Giang,SC,2.0,Fungicide,FY,Lúa,50,3309650.0000000005,SE
606,Jan,2019,DNG-018,DLK004,Đắk Lắk,E30,1.0,Fungicide,MAL,Sầu Riêng,30,11225975.0,SE
607,Feb,2019,DTP-141,DTP006,Đồng Tháp,E60,1.0,Fungicide,FY,Lúa,60,22094150.0,SE
608,Feb,2019,DTP-140,DTP006,Đồng Tháp,E60,1.0,Fungicide,FY,Lúa,60,22094150.0,SE
609,Feb,2019,VLG-063,VLG008,Vĩnh Long,Demo,1.0,Bio-organic,GN,Cam,5,1592210.0000000002,ST
610,Feb,2019,VLG-063,VLG008,Vĩnh Long,Demo,1.0,Bio-organic,GN,Cam,5,1592210.0000000002,ST
611,Feb,2019,VLG-064,VLG008,Vĩnh Long,Demo,1.0,Bio-organic,GN,Cam,5,1592210.0000000002,ST
612,Feb,2019,VLG-064,VLG008,Vĩnh Long,Demo,1.0,Bio-organic,GN,Cam,5,1592210.0000000002,ST
613,Feb,2019,VLG-064,VLG008,Vĩnh Long,Demo,1.0,Bio-organic,GN,Cam,5,1592210.0000000002,ST
614,Feb,2019,VLG-064,VLG008,Vĩnh Long,Demo,1.0,Bio-organic,GN,Cam,5,1592210.0000000002,ST
615,Feb,2019,STG-111,VLG008,Vĩnh Long,Demo,1.0,Bio-organic,GN,Cam,5,1592210.0000000002,ST
616,Feb,2019,STG-111,VLG008,Vĩnh Long,Demo,1.0,Bio-organic,GN,Cam,5,1592210.0000000002,ST
617,Feb,2019,STG-111,VLG008,Vĩnh Long,Demo,1.0,Bio-organic,GN,Cam,5,1592210.0000000002,ST
618,Feb,2019,STG-111,VLG008,Vĩnh Long,Demo,1.0,Bio-organic,GN,Cam,5,1592210.0000000002,ST
619,Jan,2019,DLK-020,DLK012,Đắk Lắk,E30,1.0,Fungicide,MAL,Sầu Riêng,30,11225975.0,SE
620,Feb,2019,TVH-024,VLG008,Trà Vinh,TM,1.0,Fungicide,FY,Lúa,20,3309650.0000000005,ST
621,Feb,2019,TVH-059,VLG008,Trà Vinh,TM,1.0,Fungicide,FY,Lúa,20,3309650.0000000005,ST
622,Feb,2019,TVH-054,VLG008,Trà Vinh,TM,1.0,Fungicide,FY,Lúa,20,3309650.0000000005,ST
623,Feb,2019,TNH-032,TNH014,Tây Ninh,E30,1.0,Insecticide,DA,Mãng cầu,30,11225975.0,SE
624,Feb,2019,CTO-067,CTO003,Cần Thơ,E30,1.0,Fungicide,MAL,Sầu Riêng,30,11225975.0,SE
625,Feb,2019,CTO-067,CTO003,Cần Thơ,E30,1.0,Fungicide,MAL,Sầu Riêng,30,11225975.0,SE
626,Mar,2019,HGG-048,CTO003,Cần Thơ,E30,1.0,Fungicide,MAL,Lúa,30,11225975.0,SE
627,Mar,2019,CTO-060,CTO003,Cần Thơ,E30,1.0,Fungicide,MAL,Sầu Riêng,30,11225975.0,SE
628,Feb,2019,DTP-098,DTP006,Đồng Tháp,E200,1.0,Fungicide,FY,Lúa,200,82562350.0,ST
629,Feb,2019,AGG-220,AGG029,An Giang,E30,1.0,Fungicide,FY,Lúa,30,11225975.0,SE
630,Feb,2019,AGG-224,AGG029,An Giang,E30,1.0,Fungicide,FY,Lúa,30,11225975.0,SE
631,Feb,2019,AGG-301,AGG029,An Giang,E30,1.0,Fungicide,FY,Lúa,30,11225975.0,SE
632,Feb,2019,AGG-333,AGG029,An Giang,E30,1.0,Fungicide,FY,Lúa,30,11225975.0,SE
633,Feb,2019,AGG-272,AGG029,An Giang,E30,1.0,Fungicide,FY,Lúa,30,11225975.0,SE
634,Mar,2019,AGG-335,AGG029,An Giang,E30,1.0,Fungicide,FY,Lúa,30,11225975.0,SE
635,Mar,2019,DTP-196,DTP015,Đồng Tháp,E60,1.0,Fungicide,FY,Lúa,60,22094150.0,SE
636,Mar,2019,DTP-071,DTP015,Đồng Tháp,E60,1.0,Fungicide,FY,Lúa,60,22094150.0,SE
637,Feb,2019,LAN-041,LAN032,Long An,E100,1.0,Fungicide,FY,Lúa,100,37479550.0,SE
638,Mar,2019,DTP-112,DTP015,Đồng Tháp,E60,1.0,Fungicide,FY,Lúa,60,22094150.0,SE
639,Mar,2019,DTP-108,DTP006,Đồng Tháp,E60,1.0,Fungicide,FY,Lúa,60,22094150.0,SE
640,Mar,2019,DTP-174,DTP006,Đồng Tháp,E60,1.0,Fungicide,FY,Lúa,60,22094150.0,SE
641,Mar,2019,VLG-045,VLG008,Đồng Tháp,E60,1.0,Fungicide,FY,Lúa,60,22094150.0,SE
642,Mar,2019,VLG-057,VLG008,Đồng Tháp,E60,1.0,Fungicide,FY,Lúa,60,22094150.0,SE
643,Feb,2019,KGG-113,kgg008,Kiên Giang,Demo,2.0,Fungicide,FY,Lúa,10,3184420.0000000005,ST
644,Feb,2019,KGG-113,kgg008,Kiên Giang,Demo,2.0,Fungicide,FY,Lúa,10,3184420.0000000005,ST
645,Mar,2019,KGG-157,kgg008,Kiên Giang,Demo,2.0,Fungicide,FY,Lúa,10,3184420.0000000005,ST
646,Mar,2019,KGG-157,kgg008,Kiên Giang,TM,2.0,Fungicide,FY,Lúa,40,6619300.000000001,ST
647,Mar,2019,KGG-157,kgg008,Kiên Giang,TM,2.0,Fungicide,FY,Lúa,40,6619300.000000001,ST
648,Mar,2019,KGG-223,kgg008,Kiên Giang,TM,2.0,Fungicide,FY,Lúa,40,6619300.000000001,ST
649,Feb,2019,KGG-113,kgg008,Kiên Giang,FA,10.0,Fungicide,MAL,Lúa,10,894500.0000000001,ST
650,Feb,2019,KGG-113,kgg008,Kiên Giang,FA,10.0,Fungicide,MAL,Lúa,10,894500.0000000001,ST
651,Mar,2019,KGG-157,kgg008,Kiên Giang,FA,10.0,Fungicide,MAL,Lúa,10,894500.0000000001,ST
652,Mar,2019,KGG-157,kgg008,Kiên Giang,FA,10.0,Fungicide,MAL,Lúa,10,894500.0000000001,ST
653,Mar,2019,KGG-223,kgg008,Kiên Giang,FA,10.0,Fungicide,MAL,Lúa,10,894500.0000000001,ST
654,Mar,2019,KGG-035,kgg008,Kiên Giang,FA,10.0,Fungicide,MAL,Lúa,10,894500.0000000001,ST
655,Mar,2019,KGG-035,kgg008,Kiên Giang,FA,10.0,Fungicide,MAL,Lúa,10,894500.0000000001,ST
656,Feb,2019,AGG-183,AGG029,An Giang,TM,1.0,Fungicide,FY,Lúa,20,3309650.0000000005,ST
657,Feb,2019,AGG-062,AGG029,An Giang,TM,1.0,Fungicide,FY,Lúa,20,3309650.0000000005,ST
658,Mar,2019,AGG-265,AGG029,An Giang,TM,1.0,Fungicide,FY,Lúa,20,3309650.0000000005,ST
659,Mar,2019,AGG-324,AGG029,An Giang,TM,1.0,Fungicide,FY,Lúa,20,3309650.0000000005,ST
660,Mar,2019,AGG-014,AGG029,An Giang,TM,1.0,Fungicide,FY,Lúa,20,3309650.0000000005,ST
661,Mar,2019,AGG-145,AGG029,An Giang,TM,1.0,Fungicide,FY,Lúa,20,3309650.0000000005,ST
662,Mar,2019,AGG-304,AGG029,An Giang,TM,1.0,Fungicide,FY,Lúa,20,3309650.0000000005,ST
663,Mar,2019,AGG-296,AGG029,An Giang,TM,1.0,Fungicide,FY,Lúa,20,3309650.0000000005,ST
664,Mar,2019,AGG-062,AGG030,An Giang,E30,1.0,Fungicide,SR,Lúa,30,11225975.0,SE
665,Mar,2019,AGG-203,AGG030,An Giang,E30,1.0,Fungicide,SR,Lúa,30,11225975.0,SE
666,Mar,2019,AGG-307,AGG030,An Giang,E30,1.0,Fungicide,SR,Lúa,30,11225975.0,SE
667,Mar,2019,AGG-066,AGG030,An Giang,E30,1.0,Fungicide,SR,Lúa,30,11225975.0,SE
668,Mar,2019,AGG-087,AGG030,An Giang,E30,1.0,Fungicide,SR,Lúa,30,11225975.0,SE
669,Feb,2019,DNI-086,DNI020,Đồng Nai,E100,1.0,Fungicide,HO,Sầu Riêng,100,37479550.0,ST
670,Mar,2019,BTE-036,BTE003,Bến Tre,E60,1.0,Fungicide,HO,Sầu Riêng,60,22094150.0,SE
671,Mar,2019,VLG-038,VLG008,Đồng Tháp,E60,1.0,Fungicide,FY,Lúa,60,22094150.0,SE
672,Mar,2019,VLG-049,VLG008,Đồng Tháp,E60,1.0,Fungicide,FY,Lúa,60,22094150.0,SE
673,Mar,2019,STG-111,VLG008,Vĩnh Long,Demo,1.0,Bio-organic,GN,Cam,5,1592210.0000000002,ST
674,Mar,2019,STG-111,VLG008,Vĩnh Long,Demo,1.0,Bio-organic,GN,Cam,5,1592210.0000000002,ST
675,Mar,2019,STG-111,VLG008,Vĩnh Long,Demo,1.0,Bio-organic,GN,Cam,5,1592210.0000000002,ST
676,Mar,2019,STG-111,VLG008,Vĩnh Long,Demo,1.0,Bio-organic,GN,Cam,5,1592210.0000000002,ST
677,Mar,2019,STG-111,VLG008,Vĩnh Long,Demo,1.0,Bio-organic,GN,Cam,5,1592210.0000000002,ST
678,Mar,2019,STG-111,VLG008,Vĩnh Long,Demo,1.0,Bio-organic,GN,Cam,5,1592210.0000000002,ST
679,Mar,2019,STG-111,VLG008,Vĩnh Long,Demo,1.0,Bio-organic,GN,Cam,5,1592210.0000000002,ST
680,Mar,2019,STG-111,VLG008,Vĩnh Long,Demo,1.0,Bio-organic,GN,Cam,5,1592210.0000000002,ST
681,Mar,2019,STG-111,VLG008,Vĩnh Long,Demo,1.0,Bio-organic,GN,Cam,5,1592210.0000000002,ST
682,Mar,2019,STG-111,VLG008,Vĩnh Long,Demo,1.0,Bio-organic,GN,Cam,5,1592210.0000000002,ST
683,Apr,2019,STG-111,VLG008,Vĩnh Long,Demo,1.0,Bio-organic,GN,Cam,5,1592210.0000000002,ST
684,Apr,2019,VLG-064,VLG008,Vĩnh Long,Demo,1.0,Bio-organic,GN,Cam,5,1592210.0000000002,ST
685,Apr,2019,VLG-064,VLG008,Vĩnh Long,Demo,1.0,Bio-organic,GN,Cam,5,1592210.0000000002,ST
686,Apr,2019,VLG-064,VLG008,Vĩnh Long,Demo,1.0,Bio-organic,GN,Cam,5,1592210.0000000002,ST
687,Apr,2019,VLG-064,VLG008,Vĩnh Long,Demo,1.0,Bio-organic,GN,Cam,5,1592210.0000000002,ST
688,Apr,2019,VLG-064,VLG008,Vĩnh Long,Demo,1.0,Bio-organic,GN,Cam,5,1592210.0000000002,ST
689,Apr,2019,VLG-064,VLG008,Vĩnh Long,Demo,1.0,Bio-organic,GN,Cam,5,1592210.0000000002,ST
690,Apr,2019,VLG-064,VLG008,Vĩnh Long,Demo,1.0,Bio-organic,GN,Cam,5,1592210.0000000002,ST
691,Apr,2019,VLG-064,VLG008,Vĩnh Long,Demo,1.0,Bio-organic,GN,Cam,5,1592210.0000000002,ST
692,Apr,2019,STG-111,VLG008,Vĩnh Long,Demo,1.0,Bio-organic,GN,Cam,5,1592210.0000000002,ST
693,Mar,2019,TGG-061,TGG004,Tiền Giang,E60,1.0,Bio-organic,GN,Ớt,60,22094150.0,SE
694,Mar,2019,TGG- 006,TGG004,Tiền Giang,E60,1.0,Bio-organic,GN,ớt,60,22094150.0,SE
695,Mar,2019,KGG-035,KGG008,Kiên Giang,TM,2.0,Fungicide,FY,Lúa,40,6619300.000000001,ST
696,Mar,2019,KGG-035,KGG008,Kiên Giang,Demo,2.0,Fungicide,FY,Lúa,10,3184420.0000000005,ST
697,Mar,2019,KGG-035,KGG008,Kiên Giang,Demo,2.0,Fungicide,FY,Lúa,10,3184420.0000000005,ST
698,Mar,2019,KGG-134,KGG008,Kiên Giang,Demo,1.0,Fungicide,FY,Lúa,5,1592210.0000000002,ST
699,Mar,2019,DTP-044,DTP006,Đồng Tháp,E60,1.0,Fungicide,FY,Lúa,60,22094150.0,SE
700,Mar,2019,DTP-040,DTP006,Đồng Tháp,E60,2.0,Fungicide,FY,Lúa,120,44188300.0,ST
701,Mar,2019,TGG-154,TGG001,Tiền Giang,TM,1.0,Fungicide,HO,Sầu Riêng,20,3309650.0000000005,ST
702,Mar,2019,TGG-026,TGG001,Tiền Giang,TM,1.0,Fungicide,HO,Sầu Riêng,20,3309650.0000000005,ST
703,Mar,2019,TGG-043,TGG002,Tiền Giang,TM,1.0,Fungicide,HO,Cây Ăn Trái,20,3309650.0000000005,ST
704,Mar,2019,TGG-110,TGG002,Tiền Giang,TM,1.0,Fungicide,HO,Sầu Riêng,20,3309650.0000000005,ST
705,Mar,2019,TGG-142,TGG004,Tiền Giang,TM,1.0,Fungicide,HO,Sầu Riêng,20,3309650.0000000005,ST
706,Mar,2019,TGG-061,TGG012,Tiền Giang,TM,1.0,Fungicide,HO,Rau màu,20,3309650.0000000005,ST
707,Mar,2019,TGG-158,TGG004,Tiền Giang,TM,1.0,Fungicide,HO,Rau màu,20,3309650.0000000005,ST
708,Mar,2019,BTE-036,AGG029,An Giang,FA,10.0,Fungicide,FY,Lúa,10,894500.0000000001,SE
709,Apr,2019,DTP-135,AGG029,An Giang,FA,10.0,Fungicide,FY,Lúa,10,894500.0000000001,SE
710,Apr,2019,QTI-003,QTI001,Quảng Trị,SC,2.0,Fungicide,FY,Lúa,50,3309650.0000000005,SE
711,Apr,2019,QTI-002,QTI001,Quảng Trị,SC,2.0,Fungicide,FY,Lúa,50,3309650.0000000005,SE
712,Apr,2019,QTI-001,QTI001,Quảng Trị,E30,1.0,Fungicide,FY,Lúa,30,11225975.0,SE
713,Apr,2019,NTN-018,NTN002,Ninh Thuận,E30,1.0,Fungicide,SR,Lúa,30,11225975.0,SE
714,Apr,2018,NTN-004,NTN002,Ninh Thuận,E30,1.0,Fungicide,SR,Lúa,30,11225975.0,SE
715,Mar,2019,KHA-018,NTN002,Khánh Hoà,E30,1.0,Fungicide,HO,Sầu Riêng,30,11225975.0,SE
716,Mar,2019,KHA-029,NTN002,Khánh Hoà,E30,1.0,Fungicide,HO,Sầu Riêng,30,11225975.0,SE
717,Mar,2019,KHA-055,NTN002,Khánh Hoà,E30,1.0,Fungicide,HO,Sầu Riêng,30,11225975.0,SE
718,Mar,2019,KHA-042,NTN002,Khánh Hoà,E30,1.0,Fungicide,HO,Sầu Riêng,30,11225975.0,SE
719,Apr,2019,TNH-013,SGN050,Tây Ninh,E30,1.0,Bio-organic,GN,Mãng cầu,30,11225975.0,SE
720,Apr,2019,TNH-027,SGN050,Tây Ninh,E30,1.0,Fungicide,HO,Mãng cầu,30,11225975.0,SE
721,Apr,2019,TNH-003,SGN050,Tây Ninh,E30,1.0,Fungicide,HO,Sầu Riêng,30,11225975.0,SE
722,Apr,2019,TNH-011,SGN050,Tây Ninh,E30,1.0,Fungicide,HO,Mãng cầu,30,11225975.0,SE
723,Apr,2019,TNH-032,TNH014,Tây Ninh,E30,1.0,Fungicide,HO,Mãng cầu,30,11225975.0,SE
724,Apr,2019,TNH-029,TNH012,Tây Ninh,E30,1.0,Fungicide,FY,Lúa,30,11225975.0,SE
725,Apr,2019,TNH-017,TNH013,Tây Ninh,E30,1.0,Fungicide,FY,Rau màu,30,11225975.0,SE
726,Apr,2019,BPC-053,BPC024,Bình Phước,E100,1.0,Fungicide,HO,Sầu Riêng,100,37479550.0,SE
727,Apr,2019,CTO-058,CTO003,Cần Thơ,E30,1.0,Fungicide,MAL,MẬN,30,11225975.0,SE
728,Apr,2019,CTO-058,CTO003,Cần Thơ,E30,1.0,Fungicide,MAL,MẬN,30,11225975.0,SE
729,Apr,2019,CTO-078,CTO003,Cần Thơ,E30,1.0,Fungicide,MAL,MẬN,30,11225975.0,SE
730,Apr,2019,LDG-199,LDG003,Lâm Đồng,E60,1.0,Fungicide,MAL,Rau màu,60,22094150.0,SE
731,Apr,2019,LDG-095,LDG018,Lâm Đồng,E300,1.0,Fungicide,MAL,Rau màu,300,123172650.00000001,ST
732,Apr,2019,LDG-169,LDG003,Lâm Đồng,E200,1.0,Fungicide,MAL,Rau màu,200,82562350.0,SE
733,Apr,2019,LDG-071,LDG003,Lâm Đồng,E200,1.0,Fungicide,MAL,Rau màu,200,82562350.0,SE
734,Apr,2019,BTN-039,BTN008,Bình Thuận,FA,5.0,Fungicide,HO,Sầu Riêng,5,447250.00000000006,ST
735,Apr,2019,BTN-065,BTN002,Bình Thuận,FA,5.0,Fungicide,HO,Rau màu,5,447250.00000000006,ST
736,Apr,2019,KHA-055,NTN002,Khánh Hoà,FA,5.0,Fungicide,HO,Sầu Riêng,5,447250.00000000006,ST
737,Apr,2019,KHA-029,NTN002,Khánh Hoà,FA,5.0,Fungicide,HO,Sầu Riêng,5,447250.00000000006,ST
738,Apr,2019,KHA-042,NTN002,Khánh Hoà,FA,5.0,Fungicide,HO,Sầu Riêng,5,447250.00000000006,ST
739,Apr,2019,TGG-058,TGG001,Tiền Giang,E60,1.0,Fungicide,HO,Sầu Riêng,60,22094150.0,SE
740,Apr,2019,TGG-154,TGG001,Tiền Giang,E60,1.0,Fungicide,HO,Sầu Riêng,60,22094150.0,SE
741,Apr,2019,TGG-026,TGG001,Tiền Giang,E60,1.0,Fungicide,HO,Sầu Riêng,60,22094150.0,SE
742,Apr,2019,TGG-153,TGG001,Tiền Giang,E60,1.0,Fungicide,HO,Sầu Riêng,60,22094150.0,SE
743,Apr,2019,TGG-097,TGG001,Tiền Giang,E60,1.0,Fungicide,HO,Sầu Riêng,60,22094150.0,SE
744,Apr,2019,TGG-099,TGG001,Tiền Giang,E60,1.0,Fungicide,HO,Sầu Riêng,60,22094150.0,SE
745,Apr,2019,TGG-122,TGG001,Tiền Giang,E60,1.0,Fungicide,HO,Sầu Riêng,60,22094150.0,SE
746,Apr,2019,TGG-138,TGG001,Tiền Giang,E60,1.0,Fungicide,HO,Sầu Riêng,60,22094150.0,SE
747,Apr,2019,TGG-068,TGG004,Tiền Giang,E30,1.0,Fungicide,FY,Lúa,30,11225975.0,SE
748,Apr,2019,TGG-081,TGG012,Tiền Giang,E30,1.0,Fungicide,FY,Lúa,30,11225975.0,SE
749,Apr,2019,AGG-062,AGG030,An Giang,E30,1.0,Fungicide,SR,Lúa,30,11225975.0,SE
750,Apr,2019,AGG-203,AGG030,An Giang,E30,1.0,Fungicide,SR,Lúa,30,11225975.0,SE
751,Apr,2019,AGG-307,AGG030,An Giang,E30,1.0,Fungicide,SR,Lúa,30,11225975.0,SE
752,Apr,2019,AGG-096,AGG030,An Giang,E100,1.0,Fungicide,SR,Lúa,100,37479550.0,SE
753,Apr,2019,AGG-338,AGG029,An Giang,E100,1.0,Fungicide,FY,Nếp,100,37479550.0,SE
754,Apr,2019,AGG-224,AGG029,An Giang,E100,1.0,Fungicide,SR,Lúa,100,37479550.0,SE
755,Apr,2019,TGG-182,TGG013,Tiền Giang,E60,1.0,Fungicide,HO,Sầu Riêng,60,22094150.0,SE
756,Apr,2019,TGG-143,TGG013,Tiền Giang,E60,1.0,Fungicide,HO,Sầu Riêng,60,22094150.0,SE
757,Apr,2019,TGG-180,TGG013,Tiền Giang,E60,1.0,Fungicide,HO,Sầu Riêng,60,22094150.0,SE
758,Apr,2019,TGG-046,TGG013,Tiền Giang,E60,1.0,Fungicide,HO,Sầu Riêng,60,22094150.0,SE
759,Apr,2019,TGG-123,TGG004,Tiền Giang,E60,1.0,Fungicide,FY,Lúa,60,22094150.0,SE
760,Apr,2019,TGG-137,TGG004,Tiền Giang,E60,1.0,Fungicide,FY,Lúa,60,22094150.0,SE
761,Apr,2019,KGG-135,KGG001,Kiên Giang,E30,1.0,Fungicide,FY,Lúa,30,11225975.0,SE
762,Apr,2019,KGG-185,KGG008,Kiên Giang,E30,1.0,Fungicide,FY,Lúa,30,11225975.0,SE
763,Apr,2019,KGG-030,KGG008,Kiên Giang,E30,1.0,Fungicide,FY,Lúa,30,11225975.0,SE
764,Apr,2019,KGG-037,KGG008,Kiên Giang,E30,1.0,Fungicide,FY,Lúa,30,11225975.0,SE
765,Apr,2019,KGG-007,KGG008,Kiên Giang,E30,1.0,Fungicide,FY,Lúa,30,11225975.0,SE
766,Apr,2019,KGG-171,KGG008,Kiên Giang,E30,1.0,Fungicide,FY,Lúa,30,11225975.0,SE
767,Apr,2019,KGG-128,KGG001,Kiên Giang,E30,1.0,Fungicide,FY,Lúa,30,11225975.0,SE
768,Apr,2019,KGG-082,KGG001,Kiên Giang,E30,1.0,Fungicide,FY,Lúa,30,11225975.0,SE
769,Apr,2019,KGG-235,KGG001,Kiên Giang,E30,1.0,Fungicide,FY,Lúa,30,11225975.0,SE
770,Apr,2019,KGG-113,KGG001,Kiên Giang,E30,1.0,Fungicide,FY,Lúa,30,11225975.0,SE
771,Apr,2019,KGG-080,KGG008,Kiên Giang,E30,1.0,Fungicide,FY,Lúa,30,11225975.0,SE
772,Apr,2019,KGG-240,KGG008,Kiên Giang,E30,1.0,Fungicide,FY,Lúa,30,11225975.0,SE
773,Apr,2019,KGG-037,KGG008,Kiên Giang,FA,20.0,Fungicide,MAL,Lúa,20,1789000.0000000002,SE
774,Apr,2019,KGG-113,KGG001,Kiên Giang,FA,20.0,Fungicide,FY,Lúa,20,1789000.0000000002,SE
775,Apr,2019,KGG-007,KGG008,Kiên Giang,FA,20.0,Fungicide,MAL,Lúa,20,1789000.0000000002,SE
776,Apr,2019,KGG-080,KGG008,Kiên Giang,FA,20.0,Fungicide,FY,Lúa,20,1789000.0000000002,SE
777,Apr,2019,KGG-171,KGG008,Kiên Giang,FA,20.0,Fungicide,MAL,Lúa,20,1789000.0000000002,SE
778,Apr,2019,KGG-240,KGG008,Kiên Giang,FA,19.0,Fungicide,FY,Lúa,19,1699550.0000000002,SE
779,Apr,2019,KGG-221,KGG008,Kiên Giang,FA,20.0,Fungicide,MAL,Lúa,20,1789000.0000000002,SE
780,Apr,2019,KGG-037,KGG008,Kiên Giang,TM,2.0,Fungicide,FY,Lúa,40,6619300.000000001,ST
781,Apr,2019,KGG-113,KGG001,Kiên Giang,TM,2.0,Fungicide,FY,Lúa,40,6619300.000000001,ST
782,Apr,2019,KGG-007,KGG008,Kiên Giang,TM,2.0,Fungicide,FY,Lúa,40,6619300.000000001,ST
783,Apr,2019,KGG-080,KGG008,Kiên Giang,TM,2.0,Fungicide,FY,Lúa,40,6619300.000000001,ST
784,Apr,2019,KGG-171,KGG008,Kiên Giang,TM,2.0,Fungicide,FY,Lúa,40,6619300.000000001,ST
785,Apr,2019,KGG-240,KGG008,Kiên Giang,TM,2.0,Fungicide,FY,Lúa,40,6619300.000000001,ST
786,Apr,2019,KGG-221,KGG008,Kiên Giang,TM,2.0,Fungicide,FY,Lúa,40,6619300.000000001,ST
787,Apr,2019,KGG-235,KGG001,Kiên Giang,TM,2.0,Fungicide,FY,Lúa,40,6619300.000000001,ST
788,Apr,2019,STG-111,VLG008,Vĩnh Long,TM,1.0,Fungicide,FY,Cây Ăn Trái,20,3309650.0000000005,ST
789,Apr,2019,VLG-064,VLG008,Vĩnh Long,TM,1.0,Fungicide,FY,Cây Ăn Trái,20,3309650.0000000005,ST
790,Apr,2019,VLG-038,DTP006,Vĩnh Long,TM,1.0,Fungicide,FY,Cây Ăn Trái,20,3309650.0000000005,ST
791,Apr,2019,STG-111,VLG008,Vĩnh Long,TM,1.0,Fungicide,FY,Cây Ăn Trái,20,3309650.0000000005,ST
792,Apr,2019,STG-111,VLG008,Vĩnh Long,TM,1.0,Fungicide,FY,Cây Ăn Trái,20,3309650.0000000005,ST
793,Apr,2019,VLG-064,VLG008,Vĩnh Long,TM,1.0,Fungicide,FY,Cây Ăn Trái,20,3309650.0000000005,ST
794,Apr,2019,DTP-140,DTP006,Đồng Tháp,TM,1.0,Fungicide,FY,Lúa,20,3309650.0000000005,ST
795,Apr,2019,DTP-122,DTP006,Đồng Tháp,TM,1.0,Fungicide,MAL,Lúa,20,3309650.0000000005,ST
796,Apr,2019,DTP-169,DTP006,Đồng Tháp,TM,1.0,Fungicide,MAL,Cây Ăn Trái,20,3309650.0000000005,ST
797,Apr,2019,DTP-169,DTP006,Đồng Tháp,TM,1.0,Fungicide,MAL,Cây Ăn Trái,20,3309650.0000000005,ST
798,Apr,2019,DTP-247,DTP006,Đồng Tháp,E60,1.0,Fungicide,FY,Lúa,60,22094150.0,SE
799,Apr,2019,VLG-045,VLG008,Vĩnh Long,E100,1.0,Fungicide,MAL,Cây Ăn Trái,100,37479550.0,SE
800,Apr,2019,DTP-122,DTP006,Đồng Tháp,E100,1.0,Fungicide,FY,Lúa,100,37479550.0,SE
801,Apr,2019,DTP-055,DTP006,Đồng Tháp,E60,1.0,Fungicide,FY,Lúa,60,22094150.0,SE
802,Apr,2019,DTP-253,DTP006,Đồng Tháp,E60,1.0,Fungicide,FY,Lúa,60,22094150.0,SE
803,Apr,2019,CTO-114,CTO019,Cần Thơ,E30,1.0,Insecticide,JN,Lúa,30,11225975.0,SE
804,Apr,2019,CTO-069,CTO018,Cần Thơ,E30,1.0,Insecticide,JN,Xoài,30,11225975.0,SE
805,Apr,2019,CTO-107,CTO018,Cần Thơ,E30,1.0,Fungicide,MAL,Xoài,30,11225975.0,SE
806,Apr,2019,STG-042,STG001,Sóc Trăng,E30,3.0,Fungicide,FY,Lúa,90,33677925.0,SE
807,Apr,2019,STG-112,STG001,Sóc Trăng,E30,1.0,Fungicide,FY,Lúa,30,11225975.0,SE
808,Apr,2019,STG-102,STG001,Sóc Trăng,E30,3.0,Fungicide,FY,Lúa,90,33677925.0,SE
809,Apr,2019,STG-027,STG001,Sóc Trăng,E30,2.0,Fungicide,FY,Lúa,60,22451950.0,SE
810,Apr,2019,DTP-161,DTP006,Đồng Tháp,E100,1.0,Fungicide,FY,Lúa,100,37479550.0,SE
811,Apr,2019,DNI-069,DNI003,Đồng Nai,E30,1.0,Insecticide,DA,Sầu Riêng,30,11225975.0,SE
812,Apr,2019,DNI-006,DNI003,Đồng Nai,E30,1.0,Insecticide,DA,Sầu Riêng,30,11225975.0,SE
813,Apr,2019,DNI-001,DNI003,Đồng Nai,E30,1.0,Insecticide,DA,Sầu Riêng,30,11225975.0,SE
814,Apr,2019,VLG-049,VLG008,Vĩnh Long,FA,25.0,Herbicide & Molluscicide,FAX,Lúa,25,2236250.0,ST
815,Apr,2019,VLG-028,VLG008,Vĩnh Long,FA,20.0,Herbicide & Molluscicide,FAX,Lúa,20,1789000.0000000002,ST
816,Apr,2019,VLG-009,VLG008,Vĩnh Long,FA,20.0,Herbicide & Molluscicide,FAX,Lúa,20,1789000.0000000002,ST
817,Apr,2019,VLG-007,VLG008,Vĩnh Long,FA,20.0,Herbicide & Molluscicide,FAX,Lúa,20,1789000.0000000002,ST
818,Apr,2019,VLG-045,VLG008,Vĩnh Long,FA,20.0,Herbicide & Molluscicide,FAX,Lúa,20,1789000.0000000002,ST
819,Apr,2019,DNI-149,DNI023,Đồng Nai,E30,1.0,Fungicide,MAL,Sầu Riêng,30,11225975.0,SE
820,Apr,2019,DNI-123,DNI024,Đồng Nai,E30,1.0,Fungicide,MAL,Sầu Riêng,30,11225975.0,SE
821,Apr,2019,DNI-041,DNI001,Đồng Nai,E30,1.0,Fungicide,HO,Xoài,30,11225975.0,SE
822,Apr,2019,DNI-157,DNI022,Đồng Nai,E30,1.0,Fungicide,HO,Xoài,30,11225975.0,SE
823,May,2019,DNI-158,DNI022,Đồng Nai,E30,1.0,Fungicide,HO,Xoài,30,11225975.0,SE
824,Apr,2019,DTP-185,DTP006,Đồng Tháp,E60,1.0,Fungicide,FY,Lúa,60,22094150.0,ST
825,Apr,2019,DTP-107,DTP006,Đồng Tháp,E60,1.0,Fungicide,FY,Lúa,60,22094150.0,ST
826,Apr,2019,LDG-169,LDG003,Lâm Đồng,TM,1.0,Fungicide,MAL,Rau màu,20,3309650.0000000005,ST
827,Apr,2019,LDG-071,LDG003,Lâm Đồng,TM,1.0,Fungicide,MAL,Rau màu,20,3309650.0000000005,ST
828,Apr,2019,LDG-096,LDG005,Lâm Đồng,TM,1.0,Fungicide,MAL,Rau màu,20,3309650.0000000005,ST
829,Apr,2019,LDG-138,LDG014,Lâm Đồng,TM,1.0,Insecticide,JN,Sầu Riêng,20,3309650.0000000005,ST
830,Apr,2019,LDG-125,LDG014,Lâm Đồng,TM,1.0,Insecticide,JN,Sầu Riêng,20,3309650.0000000005,ST
831,Apr,2019,LDG-204,LDG014,Lâm Đồng,TM,1.0,Insecticide,JN,Sầu Riêng,20,3309650.0000000005,ST
832,Apr,2019,VLG-065,DTP006,Vĩnh Long,E100,1.0,Fungicide,FY,Lúa,100,37479550.0,SE
833,Apr,2019,VLG-004,DTP006,Vĩnh Long,E100,1.0,Fungicide,FY,Lúa,100,37479550.0,SE
834,Apr,2019,DNI-078,DNI001,Đồng Nai,E30,1.0,Insecticide,DA,Xoài,30,11225975.0,SE
835,Apr,2019,HGG-104,HGG002,Hậu Giang,E30,1.0,Fungicide,FY,Lúa,30,11225975.0,SE
836,Apr,2019,HGG-005,STG013,Hậu Giang,E30,1.0,Fungicide,FY,Lúa,30,11225975.0,SE
837,Apr,2019,HGG-106,STG013,Hậu Giang,E30,1.0,Fungicide,FY,Lúa,30,11225975.0,SE
838,Apr,2019,HGG-027,STG013,Hậu Giang,E30,1.0,Fungicide,FY,Lúa,30,11225975.0,SE
839,Apr,2019,DLK-144,STG013,Hậu Giang,E30,1.0,Fungicide,FY,Lúa,30,11225975.0,SE
840,Apr,2019,HGG-082,HGG003,Hậu Giang,E30,1.0,Fungicide,FY,Lúa,30,11225975.0,SE
841,Apr,2019,HGG-029,HGG003,Hậu Giang,E30,1.0,Fungicide,FY,Lúa,30,11225975.0,SE
842,Apr,2019,HGG-099,STG013,Hậu Giang,E30,1.0,Fungicide,FY,Lúa,30,11225975.0,SE
843,Apr,2019,HGG-010,STG013,Hậu Giang,E60,1.0,Fungicide,FY,Lúa,60,22094150.0,SE
844,Apr,2019,HGG-065,STG013,Hậu Giang,E60,1.0,Fungicide,FY,Lúa,60,22094150.0,SE
845,Apr,2019,HGG-047,STG013,Hậu Giang,E60,1.0,Fungicide,FY,Lúa,60,22094150.0,SE
846,Apr,2019,HGG-086,STG013,Hậu Giang,E60,1.0,Fungicide,FY,Lúa,60,22094150.0,SE
847,Apr,2019,HGG-043,STG013,Hậu Giang,E60,1.0,Fungicide,FY,Lúa,60,22094150.0,SE
848,Apr,2019,VLG-060,VLG008,Vĩnh Long,FA,21.0,Herbicide & Molluscicide,FAX,Lúa,21,1878450.0000000002,ST
849,Apr,2019,HGG-036,STG013,Hậu Giang,E30,1.0,Fungicide,FY,Lúa,30,11225975.0,ST
850,Apr,2019,BDH-002,BDH005,Bình Định,E30,1.0,Fungicide,RA,Dưa hấu,30,11225975.0,SE
851,Apr,2019,BDH-016,BDH005,Bình Định,SC,1.0,Fungicide,RA,Ớt,25,1654825.0000000002,SE
852,Apr,2019,BDH-013,BDH005,Bình Định,SC,2.0,Fungicide,RA,Dưa hấu,50,3309650.0000000005,SE
853,Apr,2019,BDH-017,BDH005,Bình Định,SC,2.0,Fungicide,RA,Dưa hấu,50,3309650.0000000005,SE
854,Apr,2019,BDH-011,BDH005,Bình Định,SC,2.0,Fungicide,RA,Dưa hấu,50,3309650.0000000005,SE
855,Dec,2018,DNI-092,DNI003,Đồng Nai,E30,1.0,Herbicide & Molluscicide,FI,Lúa,30,11225975.0,ST
856,Dec,2018,BTN-039,BTN008,Bình Thuận,E30,1.0,Herbicide & Molluscicide,FI,Lúa,30,11225975.0,ST
857,Dec,2018,DNI-030,DNI003,Đồng Nai,E30,1.0,Insecticide,DA,Sầu Riêng,30,11225975.0,SE
858,Jan,2019,DNI-069,DNI003,Đồng Nai,E30,1.0,Insecticide,DA,Sầu Riêng,30,11225975.0,SE
859,Jan,2019,BTN-065,BTN002,Bình Thuận,E60,1.0,Fungicide,FY,Lúa,60,22094150.0,SE
860,Jan,2019,DNI-117,DNI001,Đồng Nai,E30,1.0,Fungicide,HO,Xoài,30,11225975.0,SE
861,Feb,2019,DNI-110,DNI001,Đồng Nai,E30,1.0,Insecticide,DA,Lúa,30,11225975.0,SE
862,Jan,2019,KGG-162,KGG008,Kiên Giang,E200,1.0,Fungicide,FY,Lúa,200,82562350.0,SE
863,Jan,2019,DNI-048,DNI001,Đồng Nai,E200,1.0,Bio-organic,GN,Sầu Riêng,200,82562350.0,SE
864,Feb,2019,DNI-006,DNI003,Đồng Nai,E30,1.0,Fungicide,HO,Sầu Riêng,30,11225975.0,SE
865,Feb,2019,BDH-002,BDH005,Gia Lai,E60,1.0,Fungicide,HO,Cà phê,60,22094150.0,SE
866,Feb,2019,BDH-002,BDH005,Gia Lai,E60,1.0,Fungicide,HO,Cà phê,60,22094150.0,SE
867,Mar,2019,NTN-024,NTN002,Ninh Thuận,E30,1.0,Fungicide,FH,Lúa,30,11225975.0,SE
868,Mar,2019,HGG-088,STG013,Hậu Giang,E200,1.0,Fungicide,FY,Lúa,200,82562350.0,SE
869,Mar,2019,DTP-245,DTP015,Đồng Tháp,E200,1.0,Fungicide,FY,Lúa,200,82562350.0,SE
870,Mar,2019,DTP-133,DTP015,Đồng Tháp,E200,1.0,Fungicide,FY,Lúa,200,82562350.0,SE
871,Mar,2019,HGG-036,STG013,Hậu Giang,E30,1.0,Fungicide,FY,Lúa,30,11225975.0,SE
872,Apr,2019,HGG-046,STG013,Hậu Giang,E30,1.0,Fungicide,FY,Lúa,30,11225975.0,SE
873,Mar,2019,LDG-235,LDG014,Lâm Đồng,E30,1.0,Fungicide,HO,Sầu Riêng,30,11225975.0,ST
874,Mar,2019,LDG-071,LDG003,Lâm Đồng,E30,1.0,Fungicide,RA,Cà chua,30,11225975.0,ST
875,Mar,2019,CTO-035,CTO018,Cần Thơ,E200,1.0,Fungicide,RA,Dưa hấu,200,82562350.0,SE
876,Mar,2019,BPC-031,bpc024,Bình Phước,E60,1.0,Fungicide,HO,Sầu Riêng,60,22094150.0,SE
877,Mar,2019,DNI-008,DNI022,Đồng Nai,E30,1.0,Fungicide,RA,Sầu Riêng,30,11225975.0,SE
878,Apr,2019,DNI-073,DNI001,Đồng Nai,E30,1.0,Fungicide,SR,Lúa,30,11225975.0,SE
879,Mar,2019,BTN-134,DNI020,Đồng Nai,E60,1.0,Fungicide,HO,Lúa,60,22094150.0,SE
880,Mar,2019,BTN-031,DNI020,Đồng Nai,E30,1.0,Fungicide,HO,Lúa,30,11225975.0,SE
881,Mar,2019,HUE-002,QTI001,Thừa Thiên - Huế,E30,1.0,Fungicide,FY,Lúa,30,11225975.0,SE
882,Apr,2019,QTI-008,QTI001,Quảng Trị,E30,1.0,Fungicide,FY,Lúa,30,11225975.0,SE
883,Apr,2019,CTO-064,CTO018,Cần Thơ,E30,1.0,Fungicide,FY,Lúa,30,11225975.0,SE
884,Apr,2019,CTO-040,CTO018,Cần Thơ,E30,1.0,Fungicide,MAL,Xoài,30,11225975.0,SE
885,Apr,2019,CTO-054,CTO018,Cần Thơ,E30,1.0,Fungicide,MAL,Xoài,30,11225975.0,SE
886,Apr,2019,CTO-005,CTO018,Cần Thơ,E30,1.0,Fungicide,MAL,Mận,30,11225975.0,SE
887,Apr,2019,CTO-031,CTO018,Cần Thơ,E30,1.0,Fungicide,FY,Lúa,30,11225975.0,SE
888,Apr,2019,DNI-069,DNI003,Đồng Nai,E30,1.0,Insecticide,DA,Sầu Riêng,30,11225975.0,SE
889,Apr,2019,LAN-038,LAN032,Long An,E30,1.0,Fungicide,HO,Lúa,30,11225975.0,SE
890,Apr,2019,AGG-272,AGG029,An Giang,E30,1.0,Fungicide,FY,Nếp,30,11225975.0,SE
891,Apr,2019,AGG-079,AGG029,An Giang,E30,1.0,Fungicide,FY,Lúa,30,11225975.0,SE
892,Apr,2019,AGG-007,AGG029,An Giang,E30,1.0,Fungicide,FY,Lúa,30,11225975.0,SE
893,Apr,2019,KGG-221,KGG008,Kiên Giang,E30,1.0,Fungicide,FY,Lúa,30,11225975.0,SE
894,Apr,2019,KGG-213,KGG008,Kiên Giang,E30,1.0,Fungicide,FY,Lúa,30,11225975.0,SE
895,Apr,2019,BTN-065,BTN002,Bình Thuận,E30,1.0,Herbicide & Molluscicide,FI,Lúa,30,11225975.0,SE
896,Apr,2019,BTN-053,BTN002,Bình Thuận,E30,1.0,Herbicide & Molluscicide,FI,Lúa,30,11225975.0,SE
897,Apr,2019,BTN-003,BTN002,Bình Thuận,E30,1.0,Herbicide & Molluscicide,FI,Lúa,30,11225975.0,SE
898,Apr,2019,BTN-108,BTN002,Bình Thuận,E30,1.0,Herbicide & Molluscicide,FI,Lúa,30,11225975.0,SE
899,Apr,2019,BTN-059,BTN002,Bình Thuận,E30,1.0,Herbicide & Molluscicide,FI,Lúa,30,11225975.0,SE
900,Apr,2019,NTN-017,NTN002,Ninh Thuận,E30,1.0,Fungicide,SR,Lúa,30,11225975.0,SE
901,Apr,2018,NTN-019,NTN002,Ninh Thuận,E30,1.0,Fungicide,SR,Lúa,30,11225975.0,SE
902,Apr,2019,GLI-005,GLI002,Gia Lai,E30,1.0,Fungicide,HO,Sầu Riêng,30,11225975.0,SE
903,Apr,2019,GLI-049,GLI002,Gia Lai,E30,1.0,Fungicide,HO,Sầu Riêng,30,11225975.0,SE
904,Apr,2019,VLG-058,VLG008,Vĩnh Long,E30,1.0,Fungicide,FY,Lúa,30,11225975.0,SE
905,Apr,2019,VLG-046,VLG008,Vĩnh Long,E30,1.0,Fungicide,FY,Lúa,30,11225975.0,SE
906,Apr,2019,VLG-060,VLG008,Vĩnh Long,E30,1.0,Fungicide,FY,Lúa,30,11225975.0,SE
907,Apr,2019,BLU-018,STG010,Bạc Liêu,E30,2.0,Fungicide,FY,Lúa,60,22451950.0,SE
908,Apr,2019,BLU-004,STG010,Bạc Liêu,E30,2.0,Fungicide,FY,Lúa,60,22451950.0,SE
909,Apr,2019,BLU-059,STG010,Bạc Liêu,E30,1.0,Fungicide,FY,Lúa,30,11225975.0,SE
910,Apr,2019,DNI-104,DNI001,Đồng Nai,E30,1.0,Insecticide,MPT,Bưởi,30,11225975.0,SE
911,Apr,2019,DNI-081,DNI001,Đồng Nai,E30,2.0,Insecticide,MPT,Bưởi,60,22451950.0,SE
912,Apr,2019,HGG-113,STG013,Hậu Giang,E30,1.0,Fungicide,FY,Lúa,30,11225975.0,SE
913,Apr,2019,HGG-103,HGG003,Hậu Giang,E30,1.0,Fungicide,FY,Lúa,30,11225975.0,SE
914,Apr,2019,HGG-015,STG013,Hậu Giang,E30,1.0,Fungicide,FY,Lúa,30,11225975.0,SE
915,Nov,2018,KGG-014,KGG008,Kiên Giang,CM,1.0,Fungicide,FY,Lúa,100,24554025.000000004,SE
916,Dec,2018,AGG-272,AGG023,An Giang,CM,1.0,Fungicide,HO,Lúa,100,24554025.000000004,ST
917,Dec,2018,KHA-055,NTN002,Khánh Hoà,CM,1.0,Fungicide,MAL,Sầu Riêng,100,24554025.000000004,ST
918,Dec,2018,TGG-110,TGG002,Tiền Giang,CM,1.0,Fungicide,MAL,Sầu Riêng,100,24554025.000000004,ST
919,Dec,2018,VTU-006,DNI023,Bà Rịa - Vũng Tàu,CM,1.0,Fungicide,HO,Sầu Riêng,100,24554025.000000004,ST
920,Dec,2018,GLI-089,CTO018,Cần Thơ,CM,1.0,Fungicide,MAL,Sầu Riêng,100,24554025.000000004,ST
921,Mar,2019,DTP-169,DTP006,Đồng Tháp,CM,1.0,Fungicide,MAL,Sầu Riêng,100,24554025.000000004,ST
922,Mar,2019,LDG-235,LDG014,Lâm Đồng,CM,1.0,Fungicide,HO,Sầu Riêng,100,24554025.000000004,ST
923,Mar,2019,LDG-071,LDG003,Lâm Đồng,CM,1.0,Fungicide,RA,Cà chua,100,24554025.000000004,ST
